id,name,symbol,slug,num_market_pairs,date_added,max_supply,circulating_supply,total_supply,cmc_rank,last_updated
1,Bitcoin,BTC,bitcoin,8894,2013-04-28T00:00:00.000Z,2.10E+07,18795806,18795806,1,2021-08-24T07:58:02.000Z
1027,Ethereum,ETH,ethereum,5557,2015-08-07T00:00:00.000Z,NA,117233157.8,117233157.8,2,2021-08-24T07:58:04.000Z
2010,Cardano,ADA,cardano,296,2017-10-01T00:00:00.000Z,4.50E+10,32143065465,33050654414,3,2021-08-24T07:57:22.000Z
1839,Binance Coin,BNB,binance-coin,549,2017-07-25T00:00:00.000Z,168137036,168137036,168137036,4,2021-08-24T07:57:17.000Z
825,Tether,USDT,tether,17209,2015-02-25T00:00:00.000Z,NA,65006834131,67468847060,5,2021-08-24T07:57:23.000Z
52,XRP,XRP,xrp,638,2013-08-04T00:00:00.000Z,1.00E+11,46471846087,99990313705,6,2021-08-24T07:58:03.000Z
74,Dogecoin,DOGE,dogecoin,386,2013-12-15T00:00:00.000Z,NA,1.31E+11,1.31E+11,7,2021-08-24T07:57:06.000Z
6636,Polkadot,DOT,polkadot-new,230,2020-08-19T00:00:00.000Z,NA,987579315,1103303471,8,2021-08-24T07:57:05.000Z
3408,USD Coin,USDC,usd-coin,1593,2018-10-08T00:00:00.000Z,NA,26954437580,26954437580,9,2021-08-24T07:57:15.000Z
5426,Solana,SOL,solana,122,2020-04-10T00:00:00.000Z,NA,290662669.8,502448067.8,10,2021-08-24T07:58:05.000Z
7083,Uniswap,UNI,uniswap,290,2020-09-17T00:00:00.000Z,1.00E+09,611598687.4,1.00E+09,11,2021-08-24T07:57:24.000Z
4172,Terra,LUNA,terra-luna,78,2019-07-26T00:00:00.000Z,NA,404884537.2,995671299.9,12,2021-08-24T07:57:06.000Z
1975,Chainlink,LINK,chainlink,526,2017-09-20T00:00:00.000Z,1.00E+09,447509553.9,1.00E+09,13,2021-08-24T07:57:20.000Z
1831,Bitcoin Cash,BCH,bitcoin-cash,561,2017-07-23T00:00:00.000Z,2.10E+07,18826081.25,18826081.25,14,2021-08-24T07:57:17.000Z
2,Litecoin,LTC,litecoin,715,2013-04-28T00:00:00.000Z,8.40E+07,66752614.52,66752614.52,15,2021-08-24T07:58:04.000Z
4687,Binance USD,BUSD,binance-usd,870,2019-09-20T00:00:00.000Z,NA,12324792593,12324792593,16,2021-08-24T07:57:10.000Z
3890,Polygon,MATIC,polygon,250,2019-04-28T00:00:00.000Z,1.00E+10,6477576924,1.00E+10,17,2021-08-24T07:57:23.000Z
8916,Internet Computer,ICP,internet-computer,,2021-03-23T00:00:00.000Z,469213710,156906391,,18,2021-08-24T07:57:17.000Z
3717,Wrapped Bitcoin,WBTC,wrapped-bitcoin,,2019-01-30T00:00:00.000Z,NA,194622.9498,,19,2021-08-24T07:57:21.000Z
512,Stellar,XLM,stellar,,2014-08-05T00:00:00.000Z,50001806812,23575955272,,20,2021-08-24T07:58:09.000Z
1321,Ethereum Classic,ETC,ethereum-classic,,2016-07-24T00:00:00.000Z,210700000,129157519.9,,21,2021-08-24T07:58:04.000Z
5805,Avalanche,AVAX,avalanche,,2020-07-13T00:00:00.000Z,7.20E+08,173674911.7,,22,2021-08-24T07:57:12.000Z
3077,VeChain,VET,vechain,,2017-08-22T00:00:00.000Z,86712634466,64315576989,,23,2021-08-24T07:58:02.000Z
2416,THETA,THETA,theta,,2018-01-17T00:00:00.000Z,1.00E+09,1.00E+09,,24,2021-08-24T07:58:06.000Z
2280,Filecoin,FIL,filecoin,,2017-12-13T00:00:00.000Z,NA,99044066,,25,2021-08-24T07:58:06.000Z
1958,TRON,TRX,tron,,2017-09-13T00:00:00.000Z,NA,71659657369,,26,2021-08-24T07:57:21.000Z
4943,Dai,DAI,multi-collateral-dai,,2019-11-22T00:00:00.000Z,NA,6068769624,,27,2021-08-24T07:57:20.000Z
328,Monero,XMR,monero,,2014-05-21T00:00:00.000Z,NA,17979222.11,,28,2021-08-24T07:58:06.000Z
1765,EOS,EOS,eos,,2017-07-01T00:00:00.000Z,NA,956321141,,29,2021-08-24T07:57:16.000Z
7186,PancakeSwap,CAKE,pancakeswap,,2020-09-25T00:00:00.000Z,NA,213161706.3,,30,2021-08-24T07:58:02.000Z
7278,Aave,AAVE,aave,,2020-10-02T00:00:00.000Z,1.60E+07,12964762.62,,31,2021-08-24T07:58:03.000Z
4195,FTX Token,FTT,ftx-token,,2019-07-31T00:00:00.000Z,352170015,94346957.52,,32,2021-08-24T07:58:03.000Z
6719,The Graph,GRT,the-graph,,2020-12-17T00:00:00.000Z,10057044431,4715735200,,33,2021-08-24T07:57:20.000Z
3794,Cosmos,ATOM,cosmos,,2019-03-14T00:00:00.000Z,NA,220239302.1,,34,2021-08-24T07:57:14.000Z
6783,Axie Infinity,AXS,axie-infinity,,2020-08-31T00:00:00.000Z,2.70E+08,60907500,,35,2021-08-24T07:57:13.000Z
4256,Klaytn,KLAY,klaytn,,2020-03-30T00:00:00.000Z,NA,2498055416,,36,2021-08-24T07:58:03.000Z
1376,Neo,NEO,neo,,2016-09-08T00:00:00.000Z,1.00E+08,70538831,,37,2021-08-24T07:58:05.000Z
3635,Crypto.com Coin,CRO,crypto-com-coin,,2018-12-14T00:00:00.000Z,30263013692,25263013692,,38,2021-08-24T07:58:09.000Z
4030,Algorand,ALGO,algorand,,2019-06-20T00:00:00.000Z,1.00E+10,3436661265,,39,2021-08-24T07:57:22.000Z
4023,Bitcoin BEP2,BTCB,bitcoin-bep2,,2019-06-18T00:00:00.000Z,NA,78123.64336,,40,2021-08-24T07:57:20.000Z
1518,Maker,MKR,maker,,2017-01-29T00:00:00.000Z,1005577,991328.382,,41,2021-08-24T07:57:19.000Z
2011,Tezos,XTZ,tezos,,2017-10-06T00:00:00.000Z,NA,856763296.5,,42,2021-08-24T07:57:20.000Z
1720,IOTA,MIOTA,iota,,2017-06-13T00:00:00.000Z,2779530283,2779530283,,43,2021-08-24T07:58:09.000Z
5994,SHIBA INU,SHIB,shiba-inu,,2020-08-01T00:00:00.000Z,NA,3.95E+14,,44,2021-08-24T07:57:20.000Z
3602,Bitcoin SV,BSV,bitcoin-sv,,2018-11-09T00:00:00.000Z,2.10E+07,18823114.14,,45,2021-08-24T07:57:06.000Z
3718,BitTorrent,BTT,bittorrent,,2019-01-31T00:00:00.000Z,NA,6.60E+11,,46,2021-08-24T07:57:13.000Z
6892,Elrond,EGLD,elrond-egld,,2020-09-04T00:00:00.000Z,31415926,19337108.42,,47,2021-08-24T07:58:09.000Z
3957,UNUS SED LEO,LEO,unus-sed-leo,,2019-05-21T00:00:00.000Z,NA,953954130,,48,2021-08-24T07:57:19.000Z
131,Dash,DASH,dash,,2014-02-14T00:00:00.000Z,18900000,10294381.83,,49,2021-08-24T07:58:05.000Z
5034,Kusama,KSM,kusama,,2019-12-12T00:00:00.000Z,NA,8470098.057,,50,2021-08-24T07:57:24.000Z
6945,Amp,AMP,amp,,2020-09-08T00:00:00.000Z,92547638199,42227702186,,51,2021-08-24T07:57:16.000Z
1274,Waves,WAVES,waves,,2016-06-02T00:00:00.000Z,NA,105981604,,52,2021-08-24T07:58:05.000Z
4642,Hedera Hashgraph,HBAR,hedera-hashgraph,,2019-09-17T00:00:00.000Z,5.00E+10,9463248587,,53,2021-08-24T07:58:09.000Z
4157,THORChain,RUNE,thorchain,,2019-07-23T00:00:00.000Z,5.00E+08,223555660.1,,54,2021-08-24T07:58:06.000Z
5692,Compound,COMP,compound,,2020-06-16T00:00:00.000Z,1.00E+07,5486973.759,,55,2021-08-24T07:57:08.000Z
6535,NEAR Protocol,NEAR,near-protocol,,2020-08-11T00:00:00.000Z,1.00E+09,439195048,,56,2021-08-24T07:57:16.000Z
5665,Helium,HNT,helium,,2020-06-05T00:00:00.000Z,2.23E+08,96199581.74,,57,2021-08-24T07:58:08.000Z
2502,Huobi Token,HT,huobi-token,,2018-02-03T00:00:00.000Z,5.00E+08,166099511.3,,58,2021-08-24T07:58:06.000Z
4066,Chiliz,CHZ,chiliz,,2019-07-01T00:00:00.000Z,8888888888,5894516282,,59,2021-08-24T07:57:21.000Z
1168,Decred,DCR,decred,,2016-02-10T00:00:00.000Z,2.10E+07,13244782.57,,60,2021-08-24T07:58:03.000Z
7129,TerraUSD,UST,terrausd,,2020-09-21T00:00:00.000Z,NA,2295640102,,61,2021-08-24T07:57:21.000Z
3155,Quant,QNT,quant,,2018-08-10T00:00:00.000Z,14612493,12072738,,62,2021-08-24T07:58:03.000Z
2634,XinFin Network,XDC,xinfin-network,,2018-04-12T00:00:00.000Z,NA,12289897501,,63,2021-08-24T07:58:08.000Z
1437,Zcash,ZEC,zcash,,2016-10-29T00:00:00.000Z,2.10E+07,12495718.75,,64,2021-08-24T07:58:06.000Z
2682,Holo,HOT,holo,,2018-04-29T00:00:00.000Z,NA,1.73E+11,,65,2021-08-24T07:57:09.000Z
873,NEM,XEM,nem,,2015-04-01T00:00:00.000Z,8999999999,8999999999,,66,2021-08-24T07:57:20.000Z
3822,Theta Fuel,TFUEL,theta-fuel,,2019-03-28T00:00:00.000Z,NA,5301214400,,67,2021-08-24T07:57:16.000Z
4847,Stacks,STX,stacks,,2019-10-28T00:00:00.000Z,1.82E+09,1216222954,,68,2021-08-24T07:57:16.000Z
2130,Enjin Coin,ENJ,enjin-coin,,2017-11-01T00:00:00.000Z,1.00E+09,834331121.4,,69,2021-08-24T07:58:03.000Z
6758,SushiSwap,SUSHI,sushiswap,,2020-08-28T00:00:00.000Z,2.50E+08,127244443,,70,2021-08-24T07:58:08.000Z
1966,Decentraland,MANA,decentraland,,2017-09-17T00:00:00.000Z,NA,1795384143,,71,2021-08-24T07:57:21.000Z
2586,Synthetix,SNX,synthetix-network-token,,2018-03-14T00:00:00.000Z,212424133,114841533,,72,2021-08-24T07:58:08.000Z
2394,Telcoin,TEL,telcoin,,2018-01-14T00:00:00.000Z,1.00E+11,54227110195,,73,2021-08-24T07:58:05.000Z
5864,yearn.finance,YFI,yearn-finance,,2020-07-18T00:00:00.000Z,36666,36635.43983,,74,2021-08-24T07:57:16.000Z
2469,Zilliqa,ZIL,zilliqa,,2018-01-25T00:00:00.000Z,2.10E+10,11645701491,,75,2021-08-24T07:57:17.000Z
2563,TrueUSD,TUSD,trueusd,,2018-03-06T00:00:00.000Z,NA,1397404153,1397404153,76,2021-08-24T07:57:19.000Z
2577,Ravencoin,RVN,ravencoin,,2018-03-10T00:00:00.000Z,2.10E+10,9495970000,9495970000,77,2021-08-24T07:57:06.000Z
2700,Celsius,CEL,celsius,,2018-05-18T00:00:00.000Z,695658160,238863519.8,695658160,78,2021-08-24T07:57:08.000Z
3513,Fantom,FTM,fantom,,2018-10-29T00:00:00.000Z,3.18E+09,2545006273,2545006273,79,2021-08-24T07:58:05.000Z
1684,Qtum,QTUM,qtum,,2017-05-24T00:00:00.000Z,107822406,98639371.73,103673175,80,2021-08-24T07:57:13.000Z
4558,Flow,FLOW,flow,,2021-01-27T00:00:00.000Z,1344157523,57064824,1365946679,81,2021-08-24T07:58:06.000Z
1697,Basic Attention Token,BAT,basic-attention-token,,2017-06-01T00:00:00.000Z,1.50E+09,1489832620,1.50E+09,82,2021-08-24T07:58:09.000Z
3897,OKB,OKB,okb,,2019-04-30T00:00:00.000Z,NA,6.00E+07,3.00E+08,83,2021-08-24T07:57:20.000Z
2083,Bitcoin Gold,BTG,bitcoin-gold,,2017-10-23T00:00:00.000Z,2.10E+07,17513923.59,17513923.59,84,2021-08-24T07:58:04.000Z
7455,Audius,AUDIO,audius,,2020-10-20T00:00:00.000Z,NA,400244277,1043525641,85,2021-08-24T07:57:13.000Z
3945,Harmony,ONE,harmony,,2019-06-01T00:00:00.000Z,1.26E+10,10445827223,13148651223,86,2021-08-24T07:57:20.000Z
1042,Siacoin,SC,siacoin,,2015-08-26T00:00:00.000Z,NA,48625222992,48625222992,87,2021-08-24T07:58:02.000Z
2087,KuCoin Token,KCS,kucoin-token,,2017-10-24T00:00:00.000Z,170118638,80118638,170118638,88,2021-08-24T07:58:02.000Z
2694,Nexo,NEXO,nexo,,2018-05-01T00:00:00.000Z,1.00E+09,560000011,1.00E+09,89,2021-08-24T07:57:13.000Z
2499,SwissBorg,CHSB,swissborg,,2018-02-02T00:00:00.000Z,NA,1.00E+09,1.00E+09,90,2021-08-24T07:58:07.000Z
109,DigiByte,DGB,digibyte,,2014-02-06T00:00:00.000Z,2.10E+10,14606500208,14606500208,91,2021-08-24T07:58:05.000Z
2566,Ontology,ONT,ontology,,2018-03-08T00:00:00.000Z,1.00E+09,875249524,1.00E+09,92,2021-08-24T07:58:07.000Z
1727,Bancor,BNT,bancor,,2017-06-18T00:00:00.000Z,NA,234460699.6,234460699.6,93,2021-08-24T07:57:16.000Z
6950,Perpetual Protocol,PERP,perpetual-protocol,,2020-09-08T00:00:00.000Z,NA,59018750,1.50E+08,94,2021-08-24T07:57:17.000Z
8335,Mdex,MDX,mdex,,2021-01-27T00:00:00.000Z,NA,644679320.5,1.00E+09,95,2021-08-24T07:58:07.000Z
5632,Arweave,AR,arweave,,2020-05-27T00:00:00.000Z,6.60E+07,33394701,63190435,96,2021-08-24T07:58:06.000Z
2099,ICON,ICX,icon,,2017-10-27T00:00:00.000Z,NA,649103854.6,800460000,97,2021-08-24T07:58:06.000Z
1896,0x,ZRX,0x,,2017-08-16T00:00:00.000Z,1.00E+09,845341601.8,1.00E+09,98,2021-08-24T07:57:20.000Z
1808,OMG Network,OMG,omg,,2017-07-14T00:00:00.000Z,140245399,140245398.2,140245398.2,99,2021-08-24T07:57:17.000Z
3330,Paxos Standard,PAX,paxos-standard,,2018-09-27T00:00:00.000Z,NA,943906997.3,943906997.3,100,2021-08-24T07:58:05.000Z
1,Bitcoin,BTC,bitcoin,,2013-04-28T00:00:00.000Z,2.10E+07,18796787,18796787,1,2021-08-25T07:36:02.000Z
1027,Ethereum,ETH,ethereum,,2015-08-07T00:00:00.000Z,NA,117246714.7,117246714.7,2,2021-08-25T07:35:27.000Z
2010,Cardano,ADA,cardano,,2017-10-01T00:00:00.000Z,4.50E+10,32127741925,33050654414,3,2021-08-25T07:35:44.000Z
1839,Binance Coin,BNB,binance-coin,,2017-07-25T00:00:00.000Z,168137036,168137036,168137036,4,2021-08-25T07:35:32.000Z
825,Tether,USDT,tether,,2015-02-25T00:00:00.000Z,NA,65461434001,67468847060,5,2021-08-25T07:35:35.000Z
52,XRP,XRP,xrp,,2013-08-04T00:00:00.000Z,1.00E+11,46513604835,99990303749,6,2021-08-25T07:36:16.000Z
74,Dogecoin,DOGE,dogecoin,,2013-12-15T00:00:00.000Z,NA,1.31E+11,1.31E+11,7,2021-08-25T07:36:16.000Z
3408,USD Coin,USDC,usd-coin,,2018-10-08T00:00:00.000Z,NA,26994566984,26994566984,8,2021-08-25T07:35:27.000Z
6636,Polkadot,DOT,polkadot-new,,2020-08-19T00:00:00.000Z,NA,987579315,1103303471,9,2021-08-25T07:35:21.000Z
5426,Solana,SOL,solana,,2020-04-10T00:00:00.000Z,NA,290662333.8,502447729.3,10,2021-08-25T07:35:12.000Z
7083,Uniswap,UNI,uniswap,,2020-09-17T00:00:00.000Z,1.00E+09,611607088.8,1.00E+09,11,2021-08-25T07:35:36.000Z
4172,Terra,LUNA,terra-luna,,2019-07-26T00:00:00.000Z,NA,404481945.7,995236809.4,12,2021-08-25T07:36:16.000Z
1831,Bitcoin Cash,BCH,bitcoin-cash,,2017-07-23T00:00:00.000Z,2.10E+07,18826931.25,18826931.25,13,2021-08-25T07:35:20.000Z
4687,Binance USD,BUSD,binance-usd,,2019-09-20T00:00:00.000Z,NA,12173655261,12173655261,14,2021-08-25T07:35:21.000Z
1975,Chainlink,LINK,chainlink,,2017-09-20T00:00:00.000Z,1.00E+09,447509553.9,1.00E+09,15,2021-08-25T07:35:35.000Z
2,Litecoin,LTC,litecoin,,2013-04-28T00:00:00.000Z,8.40E+07,66752614.52,66752614.52,16,2021-08-25T07:35:11.000Z
3890,Polygon,MATIC,polygon,,2019-04-28T00:00:00.000Z,1.00E+10,6477576924,1.00E+10,17,2021-08-25T07:35:35.000Z
3717,Wrapped Bitcoin,WBTC,wrapped-bitcoin,235,2019-01-30T00:00:00.000Z,NA,197123.9494,197123.9494,18,2021-08-25T07:35:31.000Z
8916,Internet Computer,ICP,internet-computer,71,2021-03-23T00:00:00.000Z,469213710,156906391,472477009.3,19,2021-08-25T07:35:22.000Z
5805,Avalanche,AVAX,avalanche,76,2020-07-13T00:00:00.000Z,7.20E+08,173827169.8,387331108.2,20,2021-08-25T07:36:12.000Z
512,Stellar,XLM,stellar,365,2014-08-05T00:00:00.000Z,50001806812,23580954987,50001802868,21,2021-08-25T07:35:16.000Z
1321,Ethereum Classic,ETC,ethereum-classic,277,2016-07-24T00:00:00.000Z,210700000,129180396.6,210700000,22,2021-08-25T07:36:07.000Z
3077,VeChain,VET,vechain,146,2017-08-22T00:00:00.000Z,86712634466,64315576989,86712634466,23,2021-08-25T07:35:14.000Z
2280,Filecoin,FIL,filecoin,147,2017-12-13T00:00:00.000Z,NA,99252562,99252562,24,2021-08-25T07:35:31.000Z
2416,THETA,THETA,theta,79,2018-01-17T00:00:00.000Z,1.00E+09,1.00E+09,1.00E+09,25,2021-08-25T07:35:27.000Z
1958,TRON,TRX,tron,529,2017-09-13T00:00:00.000Z,NA,71659657369,1.01E+11,26,2021-08-25T07:35:44.000Z
4943,Dai,DAI,multi-collateral-dai,528,2019-11-22T00:00:00.000Z,NA,6056378418,6056378907,27,2021-08-25T07:35:25.000Z
328,Monero,XMR,monero,161,2014-05-21T00:00:00.000Z,NA,17979903.78,17979903.78,28,2021-08-25T07:35:18.000Z
7186,PancakeSwap,CAKE,pancakeswap,113,2020-09-25T00:00:00.000Z,NA,213565558.9,213565558.9,29,2021-08-25T07:36:15.000Z
7278,Aave,AAVE,aave,275,2020-10-02T00:00:00.000Z,1.60E+07,13145273.24,1.60E+07,30,2021-08-25T07:36:17.000Z
1765,EOS,EOS,eos,434,2017-07-01T00:00:00.000Z,NA,956349363.4,1032433109,31,2021-08-25T07:35:24.000Z
4195,FTX Token,FTT,ftx-token,85,2019-07-31T00:00:00.000Z,352170015,94346957.52,345219293.6,32,2021-08-25T07:36:17.000Z
6719,The Graph,GRT,the-graph,154,2020-12-17T00:00:00.000Z,10057044431,4715735200,1.00E+10,33,2021-08-25T07:35:28.000Z
3794,Cosmos,ATOM,cosmos,183,2019-03-14T00:00:00.000Z,NA,220292048.1,278076651.1,34,2021-08-25T07:36:13.000Z
6783,Axie Infinity,AXS,axie-infinity,119,2020-08-31T00:00:00.000Z,2.70E+08,60907500,2.70E+08,35,2021-08-25T07:35:31.000Z
4256,Klaytn,KLAY,klaytn,53,2020-03-30T00:00:00.000Z,NA,2498334651,10654231178,36,2021-08-25T07:35:17.000Z
1376,Neo,NEO,neo,246,2016-09-08T00:00:00.000Z,1.00E+08,70538831,1.00E+08,37,2021-08-25T07:35:23.000Z
3635,Crypto.com Coin,CRO,crypto-com-coin,111,2018-12-14T00:00:00.000Z,30263013692,25263013692,30263013692,38,2021-08-25T07:35:24.000Z
4023,Bitcoin BEP2,BTCB,bitcoin-bep2,36,2019-06-18T00:00:00.000Z,NA,78124.03254,85501,39,2021-08-25T07:35:23.000Z
1518,Maker,MKR,maker,223,2017-01-29T00:00:00.000Z,1005577,991328.382,991328.382,40,2021-08-25T07:35:28.000Z
2011,Tezos,XTZ,tezos,167,2017-10-06T00:00:00.000Z,NA,856885130.5,886758427.4,41,2021-08-25T07:36:16.000Z
4030,Algorand,ALGO,algorand,144,2019-06-20T00:00:00.000Z,1.00E+10,3442299424,5692084343,42,2021-08-25T07:35:34.000Z
3602,Bitcoin SV,BSV,bitcoin-sv,181,2018-11-09T00:00:00.000Z,2.10E+07,18824051.64,18824051.64,43,2021-08-25T07:35:21.000Z
5994,SHIBA INU,SHIB,shiba-inu,130,2020-08-01T00:00:00.000Z,NA,3.95E+14,1.00E+15,44,2021-08-25T07:35:25.000Z
1720,IOTA,MIOTA,iota,60,2017-06-13T00:00:00.000Z,2779530283,2779530283,2779530283,45,2021-08-25T07:35:27.000Z
3957,UNUS SED LEO,LEO,unus-sed-leo,17,2019-05-21T00:00:00.000Z,NA,953954130,985239504,46,2021-08-25T07:35:31.000Z
3718,BitTorrent,BTT,bittorrent,143,2019-01-31T00:00:00.000Z,NA,6.60E+11,9.90E+11,47,2021-08-25T07:35:16.000Z
6892,Elrond,EGLD,elrond-egld,47,2020-09-04T00:00:00.000Z,31415926,19341883.83,22292943,48,2021-08-25T07:35:25.000Z
131,Dash,DASH,dash,328,2014-02-14T00:00:00.000Z,18900000,10295847.07,10295847.07,49,2021-08-25T07:36:16.000Z
6945,Amp,AMP,amp,43,2020-09-08T00:00:00.000Z,92547638199,42227702186,99213408535,50,2021-08-25T07:36:15.000Z
5034,Kusama,KSM,kusama,104,2019-12-12T00:00:00.000Z,NA,8470098.057,9651217.451,51,2021-08-25T07:35:36.000Z
1274,Waves,WAVES,waves,152,2016-06-02T00:00:00.000Z,NA,105990274,105990274,52,2021-08-25T07:36:09.000Z
4642,Hedera Hashgraph,HBAR,hedera-hashgraph,55,2019-09-17T00:00:00.000Z,5.00E+10,9467248480,5.00E+10,53,2021-08-25T07:35:22.000Z
5692,Compound,COMP,compound,233,2020-06-16T00:00:00.000Z,1.00E+07,5488153.441,1.00E+07,54,2021-08-25T07:35:16.000Z
4157,THORChain,RUNE,thorchain,50,2019-07-23T00:00:00.000Z,5.00E+08,223556160.1,461668422.2,55,2021-08-25T07:35:13.000Z
3155,Quant,QNT,quant,52,2018-08-10T00:00:00.000Z,14612493,12072738,14612493.08,56,2021-08-25T07:36:17.000Z
2502,Huobi Token,HT,huobi-token,118,2018-02-03T00:00:00.000Z,5.00E+08,166099511.3,5.00E+08,57,2021-08-25T07:35:21.000Z
7129,TerraUSD,UST,terrausd,120,2020-09-21T00:00:00.000Z,NA,2309951972,2309951972,58,2021-08-25T07:35:23.000Z
6535,NEAR Protocol,NEAR,near-protocol,54,2020-08-11T00:00:00.000Z,1.00E+09,441159115,1.00E+09,59,2021-08-25T07:35:27.000Z
5665,Helium,HNT,helium,24,2020-06-05T00:00:00.000Z,2.23E+08,96270248.25,2.23E+08,60,2021-08-25T07:35:22.000Z
1168,Decred,DCR,decred,56,2016-02-10T00:00:00.000Z,2.10E+07,13247702.22,13247702.22,61,2021-08-25T07:36:17.000Z
4066,Chiliz,CHZ,chiliz,174,2019-07-01T00:00:00.000Z,8888888888,5894516282,8888888888,62,2021-08-25T07:35:27.000Z
1437,Zcash,ZEC,zcash,236,2016-10-29T00:00:00.000Z,2.10E+07,12502875,12502875,63,2021-08-25T07:35:23.000Z
2634,XinFin Network,XDC,xinfin-network,33,2018-04-12T00:00:00.000Z,NA,12290132094,37690132094,64,2021-08-25T07:35:21.000Z
2682,Holo,HOT,holo,88,2018-04-29T00:00:00.000Z,NA,1.73E+11,1.78E+11,65,2021-08-25T07:35:23.000Z
873,NEM,XEM,nem,112,2015-04-01T00:00:00.000Z,8999999999,8999999999,8999999999,66,2021-08-25T07:35:33.000Z
3822,Theta Fuel,TFUEL,theta-fuel,19,2019-03-28T00:00:00.000Z,NA,5301214400,5301214400,67,2021-08-25T07:35:19.000Z
4847,Stacks,STX,stacks,32,2019-10-28T00:00:00.000Z,1.82E+09,1216362791,1352464600,68,2021-08-25T07:35:40.000Z
2130,Enjin Coin,ENJ,enjin-coin,186,2017-11-01T00:00:00.000Z,1.00E+09,834331121.4,1.00E+09,69,2021-08-25T07:35:23.000Z
1966,Decentraland,MANA,decentraland,178,2017-09-17T00:00:00.000Z,NA,1795383943,2194101927,70,2021-08-25T07:35:23.000Z
6758,SushiSwap,SUSHI,sushiswap,263,2020-08-28T00:00:00.000Z,2.50E+08,127244443,232191486.8,71,2021-08-25T07:36:16.000Z
2586,Synthetix,SNX,synthetix-network-token,211,2018-03-14T00:00:00.000Z,212424133,114841533,215258834.2,72,2021-08-25T07:36:16.000Z
2563,TrueUSD,TUSD,trueusd,209,2018-03-06T00:00:00.000Z,NA,1375656682,,73,2021-08-25T07:35:28.000Z
5864,yearn.finance,YFI,yearn-finance,236,2020-07-18T00:00:00.000Z,36666,36635.43983,,74,2021-08-25T07:35:19.000Z
2700,Celsius,CEL,celsius,46,2018-05-18T00:00:00.000Z,695658160,238863519.8,,75,2021-08-25T07:36:12.000Z
3513,Fantom,FTM,fantom,88,2018-10-29T00:00:00.000Z,3.18E+09,2545006273,,76,2021-08-25T07:35:21.000Z
4558,Flow,FLOW,flow,41,2021-01-27T00:00:00.000Z,1344157523,57064824,,77,2021-08-25T07:35:16.000Z
2577,Ravencoin,RVN,ravencoin,81,2018-03-10T00:00:00.000Z,2.10E+10,9503160000,,78,2021-08-25T07:35:16.000Z
2394,Telcoin,TEL,telcoin,40,2018-01-14T00:00:00.000Z,1.00E+11,54227110195,,79,2021-08-25T07:35:23.000Z
2469,Zilliqa,ZIL,zilliqa,114,2018-01-25T00:00:00.000Z,2.10E+10,11650187062,14941654215,80,2021-08-25T07:35:27.000Z
1684,Qtum,QTUM,qtum,193,2017-05-24T00:00:00.000Z,107822406,98642078.73,103675882,81,2021-08-25T07:35:23.000Z
3897,OKB,OKB,okb,53,2019-04-30T00:00:00.000Z,NA,6.00E+07,3.00E+08,82,2021-08-25T07:35:25.000Z
1697,Basic Attention Token,BAT,basic-attention-token,266,2017-06-01T00:00:00.000Z,1.50E+09,1489832620,1.50E+09,83,2021-08-25T07:35:27.000Z
2083,Bitcoin Gold,BTG,bitcoin-gold,67,2017-10-23T00:00:00.000Z,2.10E+07,17513923.59,17513923.59,84,2021-08-25T07:35:14.000Z
3945,Harmony,ONE,harmony,48,2019-06-01T00:00:00.000Z,1.26E+10,10446907750,13149731750,85,2021-08-25T07:35:25.000Z
7455,Audius,AUDIO,audius,61,2020-10-20T00:00:00.000Z,NA,400244277,1043525641,86,2021-08-25T07:35:23.000Z
2694,Nexo,NEXO,nexo,52,2018-05-01T00:00:00.000Z,1.00E+09,560000011,1.00E+09,87,2021-08-25T07:35:31.000Z
2087,KuCoin Token,KCS,kucoin-token,33,2017-10-24T00:00:00.000Z,170118638,80118638,170118638,88,2021-08-25T07:36:15.000Z
1042,Siacoin,SC,siacoin,57,2015-08-26T00:00:00.000Z,NA,48629542992,48629542992,89,2021-08-25T07:36:13.000Z
109,DigiByte,DGB,digibyte,101,2014-02-06T00:00:00.000Z,2.10E+10,14609389336,14609389336,90,2021-08-25T07:35:15.000Z
6950,Perpetual Protocol,PERP,perpetual-protocol,51,2020-09-08T00:00:00.000Z,NA,59018750,1.50E+08,91,2021-08-25T07:35:25.000Z
8335,Mdex,MDX,mdex,62,2021-01-27T00:00:00.000Z,NA,646977004.2,1.00E+09,92,2021-08-25T07:35:14.000Z
2499,SwissBorg,CHSB,swissborg,12,2018-02-02T00:00:00.000Z,NA,1.00E+09,1.00E+09,93,2021-08-25T07:36:07.000Z
1727,Bancor,BNT,bancor,243,2017-06-18T00:00:00.000Z,NA,232112807.9,232112807.9,94,2021-08-25T07:35:40.000Z
1698,Horizen,ZEN,horizen,68,2017-06-01T00:00:00.000Z,2.10E+07,11446543.75,11446543.75,95,2021-08-25T07:35:25.000Z
2566,Ontology,ONT,ontology,137,2018-03-08T00:00:00.000Z,1.00E+09,875249524,1.00E+09,96,2021-08-25T07:35:22.000Z
3330,Pax Dollar,PAX,paxos-standard,153,2018-09-27T00:00:00.000Z,NA,945642940.1,945642940.1,97,2021-08-25T07:36:09.000Z
2099,ICON,ICX,icon,69,2017-10-27T00:00:00.000Z,NA,649235229.2,800460000,98,2021-08-25T07:35:13.000Z
5632,Arweave,AR,arweave,26,2020-05-27T00:00:00.000Z,6.60E+07,33394701,63190435,99,2021-08-25T07:35:16.000Z
6538,Curve DAO Token,CRV,curve-dao-token,197,2020-08-14T00:00:00.000Z,,424041249.4,1576368318,100,2021-08-25T07:35:19.000Z
1,Bitcoin,BTC,bitcoin,8883,2013-04-28T00:00:00.000Z,,18797756,18797756,1,2021-08-26T07:07:04.000Z
1027,Ethereum,ETH,ethereum,5549,2015-08-07T00:00:00.000Z,,117260191.5,117260191.5,2,2021-08-26T07:07:14.000Z
2010,Cardano,ADA,cardano,295,2017-10-01T00:00:00.000Z,,32127741925,33005080086,3,2021-08-26T07:06:38.000Z
1839,Binance Coin,BNB,binance-coin,551,2017-07-25T00:00:00.000Z,,168137036,168137036,4,2021-08-26T07:06:25.000Z
825,Tether,USDT,tether,17163,2015-02-25T00:00:00.000Z,,65511633976,67433668096,5,2021-08-26T07:06:33.000Z
52,XRP,XRP,xrp,638,2013-08-04T00:00:00.000Z,,46513604835,99990303749,6,2021-08-26T07:06:25.000Z
74,Dogecoin,DOGE,dogecoin,384,2013-12-15T00:00:00.000Z,,1.31E+11,1.31E+11,7,2021-08-26T07:06:14.000Z
3408,USD Coin,USDC,usd-coin,1650,2018-10-08T00:00:00.000Z,,27042683126,,8,2021-08-26T07:06:23.000Z
6636,Polkadot,DOT,polkadot-new,228,2020-08-19T00:00:00.000Z,,987579315,,9,2021-08-26T07:06:20.000Z
5426,Solana,SOL,solana,122,2020-04-10T00:00:00.000Z,,290803717,,10,2021-08-26T07:06:08.000Z
7083,Uniswap,UNI,uniswap,293,2020-09-17T00:00:00.000Z,,611613889,,11,2021-08-26T07:06:30.000Z
4687,Binance USD,BUSD,binance-usd,870,2019-09-20T00:00:00.000Z,,12130312704,,12,2021-08-26T07:06:20.000Z
1831,Bitcoin Cash,BCH,bitcoin-cash,560,2017-07-23T00:00:00.000Z,,18828118.75,,13,2021-08-26T07:06:37.000Z
2,Litecoin,LTC,litecoin,713,2013-04-28T00:00:00.000Z,,66752614.52,,14,2021-08-26T07:07:16.000Z
1975,Chainlink,LINK,chainlink,525,2017-09-20T00:00:00.000Z,,447509553.9,,15,2021-08-26T07:06:29.000Z
4172,Terra,LUNA,terra-luna,78,2019-07-26T00:00:00.000Z,,404212619.5,,16,2021-08-26T07:06:14.000Z
3717,Wrapped Bitcoin,WBTC,wrapped-bitcoin,234,2019-01-30T00:00:00.000Z,,197523.7494,,17,2021-08-26T07:06:28.000Z
3890,Polygon,MATIC,polygon,253,2019-04-28T00:00:00.000Z,,6477576924,,18,2021-08-26T07:06:29.000Z
8916,Internet Computer,ICP,internet-computer,71,2021-03-23T00:00:00.000Z,,157079258,472489920.8,19,2021-08-26T07:06:25.000Z
512,Stellar,XLM,stellar,362,2014-08-05T00:00:00.000Z,,23601896027,50001802868,20,2021-08-26T07:06:29.000Z
1321,Ethereum Classic,ETC,ethereum-classic,274,2016-07-24T00:00:00.000Z,,129200377.5,210700000,21,2021-08-26T07:07:08.000Z
3077,VeChain,VET,vechain,145,2017-08-22T00:00:00.000Z,,64315576989,86712634466,22,2021-08-26T07:07:09.000Z
5805,Avalanche,AVAX,avalanche,76,2020-07-13T00:00:00.000Z,,174031832,387535770.3,23,2021-08-26T07:07:14.000Z
2280,Filecoin,FIL,filecoin,144,2017-12-13T00:00:00.000Z,,99456967,99456967,24,2021-08-26T07:06:25.000Z
2416,THETA,THETA,theta,79,2018-01-17T00:00:00.000Z,,1.00E+09,1.00E+09,25,2021-08-26T07:06:16.000Z
4943,Dai,DAI,multi-collateral-dai,534,2019-11-22T00:00:00.000Z,,6059061897,6059062386,26,2021-08-26T07:06:25.000Z
1958,TRON,TRX,tron,525,2017-09-13T00:00:00.000Z,,71659657369,1.01E+11,27,2021-08-26T07:06:38.000Z
328,Monero,XMR,monero,160,2014-05-21T00:00:00.000Z,,17980545.34,17980545.34,28,2021-08-26T07:06:29.000Z
7186,PancakeSwap,CAKE,pancakeswap,113,2020-09-25T00:00:00.000Z,,214239825.1,214239825.1,29,2021-08-26T07:07:16.000Z
7278,Aave,AAVE,aave,275,2020-10-02T00:00:00.000Z,,13145386.72,1.60E+07,30,2021-08-26T07:06:23.000Z
1765,EOS,EOS,eos,431,2017-07-01T00:00:00.000Z,,956432385.8,1032516131,31,2021-08-26T07:06:30.000Z
4195,FTX Token,FTT,ftx-token,82,2019-07-31T00:00:00.000Z,,94346957.52,345219293.6,32,2021-08-26T07:06:17.000Z
4256,Klaytn,KLAY,klaytn,53,2020-03-30T00:00:00.000Z,,2498760076,10655060598,33,2021-08-26T07:07:13.000Z
6783,Axie Infinity,AXS,axie-infinity,116,2020-08-31T00:00:00.000Z,,60907500,2.70E+08,34,2021-08-26T07:06:21.000Z
6719,The Graph,GRT,the-graph,153,2020-12-17T00:00:00.000Z,,4715735200,1.00E+10,35,2021-08-26T07:06:24.000Z
3794,Cosmos,ATOM,cosmos,183,2019-03-14T00:00:00.000Z,,220344739.1,278129342.1,36,2021-08-26T07:07:14.000Z
2011,Tezos,XTZ,tezos,167,2017-10-06T00:00:00.000Z,,857026791.3,886867977.6,37,2021-08-26T07:06:21.000Z
3635,Crypto.com Coin,CRO,crypto-com-coin,111,2018-12-14T00:00:00.000Z,,25263013692,,38,2021-08-26T07:06:22.000Z
1376,Neo,NEO,neo,244,2016-09-08T00:00:00.000Z,,70538831,,39,2021-08-26T07:06:18.000Z
4023,Bitcoin BEP2,BTCB,bitcoin-bep2,36,2019-06-18T00:00:00.000Z,,78126.39463,,40,2021-08-26T07:06:38.000Z
1518,Maker,MKR,maker,222,2017-01-29T00:00:00.000Z,,991328.382,,41,2021-08-26T07:06:24.000Z
4030,Algorand,ALGO,algorand,143,2019-06-20T00:00:00.000Z,,3447514454,,42,2021-08-26T07:06:47.000Z
3602,Bitcoin SV,BSV,bitcoin-sv,180,2018-11-09T00:00:00.000Z,,18824970.39,,43,2021-08-26T07:06:20.000Z
3957,UNUS SED LEO,LEO,unus-sed-leo,17,2019-05-21T00:00:00.000Z,,953954130,,44,2021-08-26T07:06:27.000Z
5994,SHIBA INU,SHIB,shiba-inu,129,2020-08-01T00:00:00.000Z,,3.95E+14,,45,2021-08-26T07:06:25.000Z
1720,IOTA,MIOTA,iota,60,2017-06-13T00:00:00.000Z,,2779530283,,46,2021-08-26T07:06:26.000Z
3718,BitTorrent,BTT,bittorrent,143,2019-01-31T00:00:00.000Z,,6.60E+11,,47,2021-08-26T07:06:33.000Z
6892,Elrond,EGLD,elrond-egld,47,2020-09-04T00:00:00.000Z,,19347158.39,,48,2021-08-26T07:06:26.000Z
6945,Amp,AMP,amp,43,2020-09-08T00:00:00.000Z,,42227702186,,49,2021-08-26T07:06:37.000Z
131,Dash,DASH,dash,324,2014-02-14T00:00:00.000Z,,10297331.05,,50,2021-08-26T07:06:28.000Z
1274,Waves,WAVES,waves,,2016-06-02T00:00:00.000Z,,105999022,105999022,51,2021-08-26T07:06:33.000Z
5034,Kusama,KSM,kusama,,2019-12-12T00:00:00.000Z,,8470098.057,9651217.451,52,2021-08-26T07:06:34.000Z
7129,TerraUSD,UST,terrausd,,2020-09-21T00:00:00.000Z,,2318857637,2318857637,53,2021-08-26T07:06:34.000Z
4642,Hedera Hashgraph,HBAR,hedera-hashgraph,,2019-09-17T00:00:00.000Z,,9467248377,5.00E+10,54,2021-08-26T07:06:34.000Z
1168,Decred,DCR,decred,,2016-02-10T00:00:00.000Z,,13251252.2,13251252.2,55,2021-08-26T07:06:17.000Z
3155,Quant,QNT,quant,,2018-08-10T00:00:00.000Z,,12072738,14612493.08,56,2021-08-26T07:06:17.000Z
5692,Compound,COMP,compound,,2020-06-16T00:00:00.000Z,,5489661.752,1.00E+07,57,2021-08-26T07:06:33.000Z
2502,Huobi Token,HT,huobi-token,,2018-02-03T00:00:00.000Z,,166099511.3,5.00E+08,58,2021-08-26T07:07:17.000Z
6535,NEAR Protocol,NEAR,near-protocol,,2020-08-11T00:00:00.000Z,,441833470,1.00E+09,59,2021-08-26T07:06:23.000Z
4157,THORChain,RUNE,thorchain,,2019-07-23T00:00:00.000Z,,223556160.1,461668422.2,60,2021-08-26T07:06:11.000Z
4066,Chiliz,CHZ,chiliz,,2019-07-01T00:00:00.000Z,,5894516282,,61,2021-08-26T07:06:43.000Z
5665,Helium,HNT,helium,,2020-06-05T00:00:00.000Z,,96343306.49,,62,2021-08-26T07:06:34.000Z
1437,Zcash,ZEC,zcash,,2016-10-29T00:00:00.000Z,,12510050,,63,2021-08-26T07:06:21.000Z
2634,XinFin Network,XDC,xinfin-network,,2018-04-12T00:00:00.000Z,,12290365588,,64,2021-08-26T07:06:25.000Z
2682,Holo,HOT,holo,,2018-04-29T00:00:00.000Z,,1.73E+11,,65,2021-08-26T07:06:29.000Z
873,NEM,XEM,nem,,2015-04-01T00:00:00.000Z,,8999999999,,66,2021-08-26T07:06:43.000Z
3822,Theta Fuel,TFUEL,theta-fuel,,2019-03-28T00:00:00.000Z,,5301214400,,67,2021-08-26T07:06:34.000Z
4847,Stacks,STX,stacks,,2019-10-28T00:00:00.000Z,,1216508307,,68,2021-08-26T07:06:34.000Z
1966,Decentraland,MANA,decentraland,,2017-09-17T00:00:00.000Z,,1795382443,,69,2021-08-26T07:06:23.000Z
2130,Enjin Coin,ENJ,enjin-coin,,2017-11-01T00:00:00.000Z,,834331121.4,,70,2021-08-26T07:06:12.000Z
6758,SushiSwap,SUSHI,sushiswap,,2020-08-28T00:00:00.000Z,,127244443,,71,2021-08-26T07:06:38.000Z
2563,TrueUSD,TUSD,trueusd,,2018-03-06T00:00:00.000Z,,1379432868,,72,2021-08-26T07:06:24.000Z
2700,Celsius,CEL,celsius,,2018-05-18T00:00:00.000Z,,238863519.8,,73,2021-08-26T07:07:14.000Z
5864,yearn.finance,YFI,yearn-finance,,2020-07-18T00:00:00.000Z,,36635.43983,,74,2021-08-26T07:06:34.000Z
2586,Synthetix,SNX,synthetix-network-token,,2018-03-14T00:00:00.000Z,,114841533,,75,2021-08-26T07:06:38.000Z
2469,Zilliqa,ZIL,zilliqa,,2018-01-25T00:00:00.000Z,,11654318875,,76,2021-08-26T07:06:23.000Z
3897,OKB,OKB,okb,,2019-04-30T00:00:00.000Z,,6.00E+07,,77,2021-08-26T07:06:25.000Z
2577,Ravencoin,RVN,ravencoin,,2018-03-10T00:00:00.000Z,,9510190000,,78,2021-08-26T07:06:29.000Z
4558,Flow,FLOW,flow,,2021-01-27T00:00:00.000Z,,57064824,,79,2021-08-26T07:06:13.000Z
2394,Telcoin,TEL,telcoin,,2018-01-14T00:00:00.000Z,,54227110195,,80,2021-08-26T07:06:18.000Z
1697,Basic Attention Token,BAT,basic-attention-token,,2017-06-01T00:00:00.000Z,,1489832620,,81,2021-08-26T07:06:26.000Z
1684,Qtum,QTUM,qtum,190,2017-05-24T00:00:00.000Z,,98644780.73,,82,2021-08-26T07:06:30.000Z
2083,Bitcoin Gold,BTG,bitcoin-gold,67,2017-10-23T00:00:00.000Z,,17513923.59,17513923.59,83,2021-08-26T07:07:16.000Z
3513,Fantom,FTM,fantom,88,2018-10-29T00:00:00.000Z,,2545006273,2545006273,84,2021-08-26T07:07:17.000Z
2135,Revain,REV,revain,17,2017-11-01T00:00:00.000Z,,85061485690,85061485690,85,2021-08-26T07:07:04.000Z
3945,Harmony,ONE,harmony,48,2019-06-01T00:00:00.000Z,,10447998021,13150822021,86,2021-08-26T07:06:25.000Z
2694,Nexo,NEXO,nexo,52,2018-05-01T00:00:00.000Z,,560000011,1.00E+09,87,2021-08-26T07:06:21.000Z
2087,KuCoin Token,KCS,kucoin-token,34,2017-10-24T00:00:00.000Z,,80118638,170118638,88,2021-08-26T07:07:14.000Z
1042,Siacoin,SC,siacoin,58,2015-08-26T00:00:00.000Z,,48633352992,48633352992,89,2021-08-26T07:06:20.000Z
1727,Bancor,BNT,bancor,242,2017-06-18T00:00:00.000Z,,231417057.1,231417057.1,90,2021-08-26T07:06:33.000Z
8335,Mdex,MDX,mdex,61,2021-01-27T00:00:00.000Z,,649276600.6,1.00E+09,91,2021-08-26T07:06:15.000Z
7455,Audius,AUDIO,audius,60,2020-10-20T00:00:00.000Z,,,1043525641,92,2021-08-26T07:07:13.000Z
109,DigiByte,DGB,digibyte,101,2014-02-06T00:00:00.000Z,,,14612250125,93,2021-08-26T07:06:20.000Z
6950,Perpetual Protocol,PERP,perpetual-protocol,51,2020-09-08T00:00:00.000Z,,,1.50E+08,94,2021-08-26T07:06:18.000Z
3330,Pax Dollar,PAX,paxos-standard,155,2018-09-27T00:00:00.000Z,,,945642940.1,95,2021-08-26T07:06:33.000Z
1698,Horizen,ZEN,horizen,68,2017-06-01T00:00:00.000Z,,,,96,2021-08-26T07:06:38.000Z
2499,SwissBorg,CHSB,swissborg,15,2018-02-02T00:00:00.000Z,,,,97,2021-08-26T07:07:09.000Z
2566,Ontology,ONT,ontology,136,2018-03-08T00:00:00.000Z,,,,98,2021-08-26T07:06:34.000Z
1896,0x,ZRX,0x,214,2017-08-16T00:00:00.000Z,,,,99,2021-08-26T07:06:19.000Z
2099,ICON,ICX,icon,69,2017-10-27T00:00:00.000Z,,,,100,2021-08-26T07:06:11.000Z
1,Bitcoin,BTC,bitcoin,8888,2013-04-28T00:00:00.000Z,,,,1,2021-08-27T06:28:05.000Z
1027,Ethereum,ETH,ethereum,5541,2015-08-07T00:00:00.000Z,,,,2,2021-08-27T06:27:19.000Z
2010,Cardano,ADA,cardano,295,2017-10-01T00:00:00.000Z,,,,3,2021-08-27T06:27:38.000Z
1839,Binance Coin,BNB,binance-coin,554,2017-07-25T00:00:00.000Z,,,,4,2021-08-27T06:27:31.000Z
825,Tether,USDT,tether,17210,2015-02-25T00:00:00.000Z,,,,5,2021-08-27T06:27:45.000Z
52,XRP,XRP,xrp,637,2013-08-04T00:00:00.000Z,,,,6,2021-08-27T06:27:17.000Z
74,Dogecoin,DOGE,dogecoin,384,2013-12-15T00:00:00.000Z,,,,7,2021-08-27T06:27:31.000Z
3408,USD Coin,USDC,usd-coin,1660,2018-10-08T00:00:00.000Z,,,,8,2021-08-27T06:27:36.000Z
6636,Polkadot,DOT,polkadot-new,232,2020-08-19T00:00:00.000Z,,,,9,2021-08-27T06:27:24.000Z
5426,Solana,SOL,solana,124,2020-04-10T00:00:00.000Z,,290803384,,10,2021-08-27T06:27:13.000Z
7083,Uniswap,UNI,uniswap,291,2020-09-17T00:00:00.000Z,,611618689,,11,2021-08-27T06:27:41.000Z
4687,Binance USD,BUSD,binance-usd,873,2019-09-20T00:00:00.000Z,,12175987734,,12,2021-08-27T06:27:34.000Z
4172,Terra,LUNA,terra-luna,,2019-07-26T00:00:00.000Z,,403497043.3,,13,2021-08-27T06:27:31.000Z
1831,Bitcoin Cash,BCH,bitcoin-cash,,2017-07-23T00:00:00.000Z,,18828975,,14,2021-08-27T06:27:37.000Z
2,Litecoin,LTC,litecoin,,2013-04-28T00:00:00.000Z,,66752614.52,,15,2021-08-27T06:27:07.000Z
1975,Chainlink,LINK,chainlink,,2017-09-20T00:00:00.000Z,,447509553.9,,16,2021-08-27T06:27:35.000Z
3717,Wrapped Bitcoin,WBTC,wrapped-bitcoin,,2019-01-30T00:00:00.000Z,,197773.6244,,17,2021-08-27T06:27:41.000Z
3890,Polygon,MATIC,polygon,,2019-04-28T00:00:00.000Z,,6477576924,,18,2021-08-27T06:27:45.000Z
8916,Internet Computer,ICP,internet-computer,,2021-03-23T00:00:00.000Z,,157140097.4,,19,2021-08-27T06:27:30.000Z
512,Stellar,XLM,stellar,,2014-08-05T00:00:00.000Z,,23586895744,,20,2021-08-27T06:27:31.000Z
1321,Ethereum Classic,ETC,ethereum-classic,,2016-07-24T00:00:00.000Z,,129129867.8,,21,2021-08-27T06:28:11.000Z
5805,Avalanche,AVAX,avalanche,,2020-07-13T00:00:00.000Z,,174203982.4,,22,2021-08-27T06:27:33.000Z
3077,VeChain,VET,vechain,,2017-08-22T00:00:00.000Z,,64315576989,,23,2021-08-27T06:28:08.000Z
2280,Filecoin,FIL,filecoin,,2017-12-13T00:00:00.000Z,,99651475,,24,2021-08-27T06:27:28.000Z
2416,THETA,THETA,theta,,2018-01-17T00:00:00.000Z,,1.00E+09,,25,2021-08-27T06:27:20.000Z
4943,Dai,DAI,multi-collateral-dai,,2019-11-22T00:00:00.000Z,,6060856775,,26,2021-08-27T06:27:39.000Z
1958,TRON,TRX,tron,525,2017-09-13T00:00:00.000Z,,71659657369,,27,2021-08-27T06:27:38.000Z
328,Monero,XMR,monero,160,2014-05-21T00:00:00.000Z,,17981181.58,,28,2021-08-27T06:27:21.000Z
7186,PancakeSwap,CAKE,pancakeswap,113,2020-09-25T00:00:00.000Z,,214399226.7,,29,2021-08-27T06:28:05.000Z
7278,Aave,AAVE,aave,275,2020-10-02T00:00:00.000Z,,13146643.23,,30,2021-08-27T06:27:31.000Z
1765,EOS,EOS,eos,432,2017-07-01T00:00:00.000Z,,956516252.6,,31,2021-08-27T06:27:24.000Z
4195,FTX Token,FTT,ftx-token,86,2019-07-31T00:00:00.000Z,,94346957.52,,32,2021-08-27T06:27:16.000Z
6783,Axie Infinity,AXS,axie-infinity,117,2020-08-31T00:00:00.000Z,,60907500,,33,2021-08-27T06:27:27.000Z
6719,The Graph,GRT,the-graph,154,2020-12-17T00:00:00.000Z,,4715735200,,34,2021-08-27T06:27:20.000Z
3794,Cosmos,ATOM,cosmos,183,2019-03-14T00:00:00.000Z,,220397239,,35,2021-08-27T06:27:38.000Z
4256,Klaytn,KLAY,klaytn,55,2020-03-30T00:00:00.000Z,,2499039110,,36,2021-08-27T06:28:09.000Z
2011,Tezos,XTZ,tezos,167,2017-10-06T00:00:00.000Z,,857133710.3,,37,2021-08-27T06:27:39.000Z
3635,Crypto.com Coin,CRO,crypto-com-coin,110,2018-12-14T00:00:00.000Z,,25263013692,,38,2021-08-27T06:27:25.000Z
4023,Bitcoin BEP2,BTCB,bitcoin-bep2,36,2019-06-18T00:00:00.000Z,,78128.20128,,39,2021-08-27T06:27:41.000Z
1376,Neo,NEO,neo,244,2016-09-08T00:00:00.000Z,,70538831,,40,2021-08-27T06:27:20.000Z
1518,Maker,MKR,maker,224,2017-01-29T00:00:00.000Z,,991328.382,,41,2021-08-27T06:27:36.000Z
4030,Algorand,ALGO,algorand,142,2019-06-20T00:00:00.000Z,,3450524101,,42,2021-08-27T06:27:40.000Z
3602,Bitcoin SV,BSV,bitcoin-sv,179,2018-11-09T00:00:00.000Z,,18825814.14,,43,2021-08-27T06:27:30.000Z
3957,UNUS SED LEO,LEO,unus-sed-leo,17,2019-05-21T00:00:00.000Z,,953954130,,44,2021-08-27T06:27:30.000Z
5994,SHIBA INU,SHIB,shiba-inu,,2020-08-01T00:00:00.000Z,,3.95E+14,,45,2021-08-27T06:27:31.000Z
1720,IOTA,MIOTA,iota,,2017-06-13T00:00:00.000Z,,2779530283,,46,2021-08-27T06:27:26.000Z
3718,BitTorrent,BTT,bittorrent,,2019-01-31T00:00:00.000Z,,6.60E+11,,47,2021-08-27T06:27:36.000Z
6892,Elrond,EGLD,elrond-egld,,2020-09-04T00:00:00.000Z,,19353182.87,,48,2021-08-27T06:27:36.000Z
6945,Amp,AMP,amp,,2020-09-08T00:00:00.000Z,,42227702186,,49,2021-08-27T06:27:35.000Z
1274,Waves,WAVES,waves,,2016-06-02T00:00:00.000Z,,106007686,,50,2021-08-27T06:27:25.000Z
131,Dash,DASH,dash,,2014-02-14T00:00:00.000Z,,10298793.61,,51,2021-08-27T06:27:17.000Z
5034,Kusama,KSM,kusama,,2019-12-12T00:00:00.000Z,,8470098.057,,52,2021-08-27T06:27:46.000Z
7129,TerraUSD,UST,terrausd,,2020-09-21T00:00:00.000Z,,2339119470,,53,2021-08-27T06:27:26.000Z
1168,Decred,DCR,decred,,2016-02-10T00:00:00.000Z,,13254219.61,,54,2021-08-27T06:27:17.000Z
4642,Hedera Hashgraph,HBAR,hedera-hashgraph,,2019-09-17T00:00:00.000Z,,9467248282,,55,2021-08-27T06:27:26.000Z
2502,Huobi Token,HT,huobi-token,,2018-02-03T00:00:00.000Z,,166099511.3,,56,2021-08-27T06:28:14.000Z
3155,Quant,QNT,quant,,2018-08-10T00:00:00.000Z,,12072738,,57,2021-08-27T06:27:16.000Z
5692,Compound,COMP,compound,,2020-06-16T00:00:00.000Z,,5491261.506,1.00E+07,58,2021-08-27T06:27:40.000Z
4157,THORChain,RUNE,thorchain,,2019-07-23T00:00:00.000Z,,223556160.1,461668422.2,59,2021-08-27T06:27:24.000Z
6535,NEAR Protocol,NEAR,near-protocol,,2020-08-11T00:00:00.000Z,,442507249,1.00E+09,60,2021-08-27T06:28:14.000Z
4066,Chiliz,CHZ,chiliz,,2019-07-01T00:00:00.000Z,,5894516282,8888888888,61,2021-08-27T06:27:35.000Z
5665,Helium,HNT,helium,,2020-06-05T00:00:00.000Z,,96417773.69,2.23E+08,62,2021-08-27T06:27:25.000Z
1437,Zcash,ZEC,zcash,,2016-10-29T00:00:00.000Z,,12517200,12517200,63,2021-08-27T06:27:20.000Z
3822,Theta Fuel,TFUEL,theta-fuel,,2019-03-28T00:00:00.000Z,,,5301214400,64,2021-08-27T06:27:37.000Z
2634,XinFin Network,XDC,xinfin-network,,2018-04-12T00:00:00.000Z,,,,65,2021-08-27T06:27:20.000Z
2682,Holo,HOT,holo,,2018-04-29T00:00:00.000Z,,,,66,2021-08-27T06:27:24.000Z
873,NEM,XEM,nem,,2015-04-01T00:00:00.000Z,,,,67,2021-08-27T06:27:40.000Z
4847,Stacks,STX,stacks,,2019-10-28T00:00:00.000Z,,,,68,2021-08-27T06:27:37.000Z
1966,Decentraland,MANA,decentraland,,2017-09-17T00:00:00.000Z,NA,,,69,2021-08-27T06:27:41.000Z
2130,Enjin Coin,ENJ,enjin-coin,,2017-11-01T00:00:00.000Z,1.00E+09,,,70,2021-08-27T06:27:14.000Z
6758,SushiSwap,SUSHI,sushiswap,,2020-08-28T00:00:00.000Z,2.50E+08,,,71,2021-08-27T06:27:34.000Z
2563,TrueUSD,TUSD,trueusd,210,2018-03-06T00:00:00.000Z,NA,,,72,2021-08-27T06:27:36.000Z
2700,Celsius,CEL,celsius,46,2018-05-18T00:00:00.000Z,695658160,,,73,2021-08-27T06:27:33.000Z
5864,yearn.finance,YFI,yearn-finance,236,2020-07-18T00:00:00.000Z,36666,,,74,2021-08-27T06:27:41.000Z
2586,Synthetix,SNX,synthetix-network-token,209,2018-03-14T00:00:00.000Z,212424133,,,75,2021-08-27T06:27:30.000Z
2394,Telcoin,TEL,telcoin,40,2018-01-14T00:00:00.000Z,,,1.00E+11,76,2021-08-27T06:27:20.000Z
2469,Zilliqa,ZIL,zilliqa,114,2018-01-25T00:00:00.000Z,,,14949938266,77,2021-08-27T06:27:36.000Z
4558,Flow,FLOW,flow,41,2021-01-27T00:00:00.000Z,,,1365946679,78,2021-08-27T06:27:31.000Z
3897,OKB,OKB,okb,52,2019-04-30T00:00:00.000Z,,,3.00E+08,79,2021-08-27T06:27:39.000Z
2135,Revain,REV,revain,17,2017-11-01T00:00:00.000Z,,,85061485690,80,2021-08-27T06:28:10.000Z
2577,Ravencoin,RVN,ravencoin,81,2018-03-10T00:00:00.000Z,,,9517465000,81,2021-08-27T06:27:31.000Z
1697,Basic Attention Token,BAT,basic-attention-token,,2017-06-01T00:00:00.000Z,,,1.50E+09,82,2021-08-27T06:27:25.000Z
1684,Qtum,QTUM,qtum,,2017-05-24T00:00:00.000Z,,,103681277,83,2021-08-27T06:27:24.000Z
2083,Bitcoin Gold,BTG,bitcoin-gold,,2017-10-23T00:00:00.000Z,,,17513923.59,84,2021-08-27T06:27:07.000Z
3513,Fantom,FTM,fantom,,2018-10-29T00:00:00.000Z,,,2545006273,85,2021-08-27T06:28:14.000Z
2694,Nexo,NEXO,nexo,,2018-05-01T00:00:00.000Z,,,1.00E+09,86,2021-08-27T06:27:30.000Z
3945,Harmony,ONE,harmony,,2019-06-01T00:00:00.000Z,,,13151916702,87,2021-08-27T06:27:39.000Z
2087,KuCoin Token,KCS,kucoin-token,,2017-10-24T00:00:00.000Z,,,170118638,88,2021-08-27T06:28:06.000Z
5632,Arweave,AR,arweave,,2020-05-27T00:00:00.000Z,,33394701,63190435,89,2021-08-27T06:27:19.000Z
1042,Siacoin,SC,siacoin,,2015-08-26T00:00:00.000Z,,48637792992,48637792992,90,2021-08-27T06:27:21.000Z
6950,Perpetual Protocol,PERP,perpetual-protocol,,2020-09-08T00:00:00.000Z,,59018750,1.50E+08,91,2021-08-27T06:27:25.000Z
1727,Bancor,BNT,bancor,,2017-06-18T00:00:00.000Z,,231257202.5,231257202.5,92,2021-08-27T06:27:33.000Z
8335,Mdex,MDX,mdex,,2021-01-27T00:00:00.000Z,,650678618.7,1.00E+09,93,2021-08-27T06:27:14.000Z
7455,Audius,AUDIO,audius,,2020-10-20T00:00:00.000Z,,400244277,1043525641,94,2021-08-27T06:28:16.000Z
3330,Pax Dollar,PAX,paxos-standard,,2018-09-27T00:00:00.000Z,,945642940.1,945642940.1,95,2021-08-27T06:27:25.000Z
1698,Horizen,ZEN,horizen,,2017-06-01T00:00:00.000Z,,11453718.75,11453718.75,96,2021-08-27T06:27:27.000Z
5567,Celo,CELO,celo,,2020-05-22T00:00:00.000Z,,286702568,1.00E+09,97,2021-08-27T06:27:31.000Z
109,DigiByte,DGB,digibyte,101,2014-02-06T00:00:00.000Z,,14615117874,14615117874,98,2021-08-27T06:27:07.000Z
2499,SwissBorg,CHSB,swissborg,17,2018-02-02T00:00:00.000Z,,1.00E+09,1.00E+09,99,2021-08-27T06:28:15.000Z
2566,Ontology,ONT,ontology,136,2018-03-08T00:00:00.000Z,,875249524,1.00E+09,100,2021-08-27T06:27:26.000Z
1,Bitcoin,BTC,bitcoin,8901,2013-04-28T00:00:00.000Z,,18799887,18799887,1,2021-08-28T14:59:18.000Z
1027,Ethereum,ETH,ethereum,5551,2015-08-07T00:00:00.000Z,,117291632.6,117291632.6,2,2021-08-28T14:59:38.000Z
2010,Cardano,ADA,cardano,,2017-10-01T00:00:00.000Z,,32145359127,33050654414,3,2021-08-28T15:00:00.000Z
1839,Binance Coin,BNB,binance-coin,,2017-07-25T00:00:00.000Z,,168137036,168137036,4,2021-08-28T14:59:52.000Z
825,Tether,USDT,tether,,2015-02-25T00:00:00.000Z,,65509475281,67432085236,5,2021-08-28T14:59:46.000Z
52,XRP,XRP,xrp,,2013-08-04T00:00:00.000Z,,46513604835,99990303749,6,2021-08-28T15:00:13.000Z
74,Dogecoin,DOGE,dogecoin,,2013-12-15T00:00:00.000Z,,1.31E+11,1.31E+11,7,2021-08-28T14:59:30.000Z
3408,USD Coin,USDC,usd-coin,,2018-10-08T00:00:00.000Z,,27109885658,27109885658,8,2021-08-28T14:59:35.000Z
5426,Solana,SOL,solana,,2020-04-10T00:00:00.000Z,,290945176.5,502861222.7,9,2021-08-28T14:59:16.000Z
6636,Polkadot,DOT,polkadot-new,,2020-08-19T00:00:00.000Z,,987579315,1103303471,10,2021-08-28T14:59:47.000Z
7083,Uniswap,UNI,uniswap,,2020-09-17T00:00:00.000Z,,611621089,1.00E+09,11,2021-08-28T14:59:38.000Z
4172,Terra,LUNA,terra-luna,,2019-07-26T00:00:00.000Z,,403216639.4,993865847.4,12,2021-08-28T14:59:30.000Z
4687,Binance USD,BUSD,binance-usd,,2019-09-20T00:00:00.000Z,,12175987734,12175987734,13,2021-08-28T14:59:36.000Z
1831,Bitcoin Cash,BCH,bitcoin-cash,,2017-07-23T00:00:00.000Z,,18830162.5,18830162.5,14,2021-08-28T14:59:34.000Z
2,Litecoin,LTC,litecoin,,2013-04-28T00:00:00.000Z,,66752614.52,66752614.52,15,2021-08-28T14:59:10.000Z
1975,Chainlink,LINK,chainlink,,2017-09-20T00:00:00.000Z,,448009553.9,1.00E+09,16,2021-08-28T14:59:57.000Z
8916,Internet Computer,ICP,internet-computer,,2021-03-23T00:00:00.000Z,,157140097.4,472577346,17,2021-08-28T14:59:48.000Z
3717,Wrapped Bitcoin,WBTC,wrapped-bitcoin,,2019-01-30T00:00:00.000Z,,197773.6244,197773.6244,18,2021-08-28T14:59:41.000Z
3890,Polygon,MATIC,polygon,,2019-04-28T00:00:00.000Z,,6477576924,1.00E+10,19,2021-08-28T14:59:46.000Z
5805,Avalanche,AVAX,avalanche,,2020-07-13T00:00:00.000Z,,174414142,387918080.3,20,2021-08-28T14:59:55.000Z
1321,Ethereum Classic,ETC,ethereum-classic,,2016-07-24T00:00:00.000Z,,129467663,210700000,21,2021-08-28T14:59:30.000Z
512,Stellar,XLM,stellar,,2014-08-05T00:00:00.000Z,,23607320454,50001802860,22,2021-08-28T14:59:28.000Z
3077,VeChain,VET,vechain,146,2017-08-22T00:00:00.000Z,,64315576989,86712634466,23,2021-08-28T15:00:10.000Z
2280,Filecoin,FIL,filecoin,147,2017-12-13T00:00:00.000Z,,99904050,99904050,24,2021-08-28T14:59:43.000Z
2416,THETA,THETA,theta,79,2018-01-17T00:00:00.000Z,,1.00E+09,1.00E+09,25,2021-08-28T14:59:42.000Z
1958,TRON,TRX,tron,528,2017-09-13T00:00:00.000Z,,71659657369,1.01E+11,26,2021-08-28T15:00:00.000Z
4943,Dai,DAI,multi-collateral-dai,535,2019-11-22T00:00:00.000Z,,6105674349,6105674838,27,2021-08-28T14:59:41.000Z
7186,PancakeSwap,CAKE,pancakeswap,113,2020-09-25T00:00:00.000Z,,215145916,215145916,28,2021-08-28T14:59:18.000Z
328,Monero,XMR,monero,161,2014-05-21T00:00:00.000Z,,17982034.15,17982034.15,29,2021-08-28T14:59:31.000Z
7278,Aave,AAVE,aave,275,2020-10-02T00:00:00.000Z,,13147051.2,1.60E+07,30,2021-08-28T14:59:30.000Z
6783,Axie Infinity,AXS,axie-infinity,118,2020-08-31T00:00:00.000Z,,60907500,2.70E+08,32,2021-08-28T14:59:36.000Z
1765,EOS,EOS,eos,435,2017-07-01T00:00:00.000Z,,956628151.1,1032711896,31,2021-08-28T14:59:28.000Z
4195,FTX Token,FTT,ftx-token,88,2019-07-31T00:00:00.000Z,,,345219293.6,33,2021-08-28T14:59:31.000Z
2011,Tezos,XTZ,tezos,168,2017-10-06T00:00:00.000Z,,,887084521.4,34,2021-08-28T14:59:43.000Z
6719,The Graph,GRT,the-graph,152,2020-12-17T00:00:00.000Z,,,1.00E+10,35,2021-08-28T14:59:36.000Z
3794,Cosmos,ATOM,cosmos,183,2019-03-14T00:00:00.000Z,,,278251720.4,36,2021-08-28T14:59:41.000Z
4256,Klaytn,KLAY,klaytn,,2020-03-30T00:00:00.000Z,,,10656995978,37,2021-08-28T15:00:15.000Z
3635,Crypto.com Coin,CRO,crypto-com-coin,,2018-12-14T00:00:00.000Z,,,30263013692,38,2021-08-28T14:59:42.000Z
1376,Neo,NEO,neo,,2016-09-08T00:00:00.000Z,,,1.00E+08,40,2021-08-28T14:59:41.000Z
4023,Bitcoin BEP2,BTCB,bitcoin-bep2,,2019-06-18T00:00:00.000Z,,,85501,39,2021-08-28T14:59:39.000Z
1518,Maker,MKR,maker,,2017-01-29T00:00:00.000Z,,,991328.382,41,2021-08-28T14:59:36.000Z
4030,Algorand,ALGO,algorand,,2019-06-20T00:00:00.000Z,,,5701631383,42,2021-08-28T14:59:49.000Z
3602,Bitcoin SV,BSV,bitcoin-sv,,2018-11-09T00:00:00.000Z,,18826964.14,18826964.14,43,2021-08-28T14:59:35.000Z
5994,SHIBA INU,SHIB,shiba-inu,,2020-08-01T00:00:00.000Z,,3.95E+14,1.00E+15,44,2021-08-28T14:59:52.000Z
3957,UNUS SED LEO,LEO,unus-sed-leo,,2019-05-21T00:00:00.000Z,,953954130,985239504,45,2021-08-28T14:59:52.000Z
1720,IOTA,MIOTA,iota,,2017-06-13T00:00:00.000Z,,2779530283,2779530283,46,2021-08-28T14:59:47.000Z
3718,BitTorrent,BTT,bittorrent,,2019-01-31T00:00:00.000Z,,6.60E+11,9.90E+11,47,2021-08-28T14:59:33.000Z
6892,Elrond,EGLD,elrond-egld,,2020-09-04T00:00:00.000Z,,19358055.33,22308859,48,2021-08-28T14:59:34.000Z
1274,Waves,WAVES,waves,,2016-06-02T00:00:00.000Z,,106019116,106019116,49,2021-08-28T14:59:33.000Z
5034,Kusama,KSM,kusama,,2019-12-12T00:00:00.000Z,,8470098.057,9651217.451,50,2021-08-28T14:59:47.000Z
6945,Amp,AMP,amp,,2020-09-08T00:00:00.000Z,,42227702186,99213408535,51,2021-08-28T14:59:49.000Z
4642,Hedera Hashgraph,HBAR,hedera-hashgraph,,2019-09-17T00:00:00.000Z,,9467248159,5.00E+10,52,2021-08-28T14:59:36.000Z
6535,NEAR Protocol,NEAR,near-protocol,,2020-08-11T00:00:00.000Z,,443181278,1.00E+09,53,2021-08-28T14:59:31.000Z
131,Dash,DASH,dash,,2014-02-14T00:00:00.000Z,,10305641.75,10305641.75,54,2021-08-28T15:00:13.000Z
2502,Huobi Token,HT,huobi-token,,2018-02-03T00:00:00.000Z,,166099511.3,5.00E+08,55,2021-08-28T14:59:36.000Z
7129,TerraUSD,UST,terrausd,,2020-09-21T00:00:00.000Z,,2348809645,2348809645,56,2021-08-28T14:59:47.000Z
3155,Quant,QNT,quant,52,2018-08-10T00:00:00.000Z,,12072738,14612493.08,57,2021-08-28T14:59:31.000Z
5665,Helium,HNT,helium,24,2020-06-05T00:00:00.000Z,2.23E+08,96510880.17,2.23E+08,58,2021-08-28T14:59:42.000Z
1168,Decred,DCR,decred,56,2016-02-10T00:00:00.000Z,2.10E+07,13257987.78,13257987.78,60,2021-08-28T14:59:35.000Z
5692,Compound,COMP,compound,234,2020-06-16T00:00:00.000Z,1.00E+07,5491492.686,1.00E+07,59,2021-08-28T14:59:40.000Z
4157,THORChain,RUNE,thorchain,52,2019-07-23T00:00:00.000Z,5.00E+08,223556160.1,461668422.2,61,2021-08-28T15:00:14.000Z
4066,Chiliz,CHZ,chiliz,177,2019-07-01T00:00:00.000Z,8888888888,5894516282,8888888888,62,2021-08-28T14:59:46.000Z
2682,Holo,HOT,holo,88,2018-04-29T00:00:00.000Z,NA,1.73E+11,1.78E+11,63,2021-08-28T14:59:22.000Z
1437,Zcash,ZEC,zcash,236,2016-10-29T00:00:00.000Z,2.10E+07,12526787.5,12526787.5,64,2021-08-28T14:59:41.000Z
2634,XinFin Network,XDC,xinfin-network,33,2018-04-12T00:00:00.000Z,NA,12290910537,37690910537,65,2021-08-28T14:59:37.000Z
873,NEM,XEM,nem,112,2015-04-01T00:00:00.000Z,8999999999,8999999999,8999999999,66,2021-08-28T14:59:49.000Z
3822,Theta Fuel,TFUEL,theta-fuel,19,2019-03-28T00:00:00.000Z,NA,5301214400,5301214400,67,2021-08-28T14:59:34.000Z
4847,Stacks,STX,stacks,35,2019-10-28T00:00:00.000Z,1.82E+09,1216816027,1352464600,68,2021-08-28T14:59:55.000Z
2130,Enjin Coin,ENJ,enjin-coin,188,2017-11-01T00:00:00.000Z,1.00E+09,834331121.4,1.00E+09,69,2021-08-28T14:59:37.000Z
1966,Decentraland,MANA,decentraland,,2017-09-17T00:00:00.000Z,NA,1795381243,2194099227,70,2021-08-28T14:59:38.000Z
6758,SushiSwap,SUSHI,sushiswap,,2020-08-28T00:00:00.000Z,2.50E+08,127244443,232378231,71,2021-08-28T14:59:36.000Z
2700,Celsius,CEL,celsius,,2018-05-18T00:00:00.000Z,695658160,238863519.8,695658160,72,2021-08-28T14:59:36.000Z
2563,TrueUSD,TUSD,trueusd,,2018-03-06T00:00:00.000Z,NA,1402217851,1402217851,73,2021-08-28T14:59:36.000Z
2586,Synthetix,SNX,synthetix-network-token,,2018-03-14T00:00:00.000Z,212424133,114841533,215258834.2,74,2021-08-28T14:59:39.000Z
5864,yearn.finance,YFI,yearn-finance,,2020-07-18T00:00:00.000Z,36666,36635.43983,36666,75,2021-08-28T14:59:41.000Z
5567,Celo,CELO,celo,,2020-05-22T00:00:00.000Z,1.00E+09,286702568,1.00E+09,76,2021-08-28T14:59:28.000Z
2135,Revain,REV,revain,,2017-11-01T00:00:00.000Z,NA,85061485690,85061485690,77,2021-08-28T14:59:23.000Z
2469,Zilliqa,ZIL,zilliqa,,2018-01-25T00:00:00.000Z,2.10E+10,11663962574,14955429727,78,2021-08-28T14:59:36.000Z
3513,Fantom,FTM,fantom,,2018-10-29T00:00:00.000Z,3.18E+09,2545006273,2545006273,79,2021-08-28T14:59:36.000Z
4558,Flow,FLOW,flow,,2021-01-27T00:00:00.000Z,1344157523,57064824,1365946679,80,2021-08-28T14:59:28.000Z
5632,Arweave,AR,arweave,,2020-05-27T00:00:00.000Z,6.60E+07,33394701,63190435,81,2021-08-28T14:59:22.000Z
2083,Bitcoin Gold,BTG,bitcoin-gold,,2017-10-23T00:00:00.000Z,2.10E+07,17513923.59,17513923.59,83,2021-08-28T14:59:10.000Z
2394,Telcoin,TEL,telcoin,,2018-01-14T00:00:00.000Z,1.00E+11,54227110195,1.00E+11,82,2021-08-28T14:59:41.000Z
2577,Ravencoin,RVN,ravencoin,,2018-03-10T00:00:00.000Z,2.10E+10,9527050000,9527050000,84,2021-08-28T14:59:28.000Z
3897,OKB,OKB,okb,,2019-04-30T00:00:00.000Z,NA,6.00E+07,3.00E+08,85,2021-08-28T14:59:41.000Z
1684,Qtum,QTUM,qtum,,2017-05-24T00:00:00.000Z,107822406,98651075.73,103684879,86,2021-08-28T14:59:22.000Z
1697,Basic Attention Token,BAT,basic-attention-token,,2017-06-01T00:00:00.000Z,1.50E+09,1489832620,1.50E+09,87,2021-08-28T14:59:47.000Z
7455,Audius,AUDIO,audius,,2020-10-20T00:00:00.000Z,NA,400244277,1043525641,88,2021-08-28T14:59:23.000Z
3945,Harmony,ONE,harmony,,2019-06-01T00:00:00.000Z,1.26E+10,10450549318,13153373318,89,2021-08-28T14:59:41.000Z
2694,Nexo,NEXO,nexo,,2018-05-01T00:00:00.000Z,1.00E+09,560000011,1.00E+09,90,2021-08-28T14:59:48.000Z
2087,KuCoin Token,KCS,kucoin-token,,2017-10-24T00:00:00.000Z,170118638,80118638,170118638,91,2021-08-28T14:59:17.000Z
1042,Siacoin,SC,siacoin,,2015-08-26T00:00:00.000Z,NA,48643072992,48643072992,92,2021-08-28T15:00:06.000Z
1727,Bancor,BNT,bancor,,2017-06-18T00:00:00.000Z,NA,231318667.9,231318667.9,93,2021-08-28T14:59:55.000Z
6950,Perpetual Protocol,PERP,perpetual-protocol,,2020-09-08T00:00:00.000Z,NA,59018750,1.50E+08,94,2021-08-28T14:59:28.000Z
8335,Mdex,MDX,mdex,,2021-01-27T00:00:00.000Z,NA,653159470.1,1.00E+09,95,2021-08-28T14:59:37.000Z
109,DigiByte,DGB,digibyte,,2014-02-06T00:00:00.000Z,2.10E+10,14618949661,14618949661,97,2021-08-28T14:59:10.000Z
1698,Horizen,ZEN,horizen,68,2017-06-01T00:00:00.000Z,2.10E+07,11458437.5,11458437.5,96,2021-08-28T14:59:41.000Z
3330,Pax Dollar,PAX,paxos-standard,156,2018-09-27T00:00:00.000Z,NA,945642940.1,945642940.1,98,2021-08-28T14:59:33.000Z
2566,Ontology,ONT,ontology,137,2018-03-08T00:00:00.000Z,1.00E+09,875249524,1.00E+09,99,2021-08-28T14:59:36.000Z
2099,ICON,ICX,icon,69,2017-10-27T00:00:00.000Z,NA,659693923,800460000,100,2021-08-28T15:00:14.000Z
1,Bitcoin,BTC,bitcoin,8856,2013-04-28T00:00:00.000Z,2.10E+07,18800462,18800462,1,2021-08-29T04:27:21.000Z
1027,Ethereum,ETH,ethereum,5085,2015-08-07T00:00:00.000Z,NA,117299601.8,117299601.8,2,2021-08-29T04:27:40.000Z
2010,Cardano,ADA,cardano,298,2017-10-01T00:00:00.000Z,4.50E+10,32145348141,33050654414,3,2021-08-29T04:28:01.000Z
1839,Binance Coin,BNB,binance-coin,524,2017-07-25T00:00:00.000Z,168137036,168137036,168137036,4,2021-08-29T04:27:43.000Z
825,Tether,USDT,tether,17211,2015-02-25T00:00:00.000Z,NA,65489475281,67432085236,5,2021-08-29T04:27:25.000Z
52,XRP,XRP,xrp,638,2013-08-04T00:00:00.000Z,1.00E+11,46513604835,,6,2021-08-29T04:28:15.000Z
74,Dogecoin,DOGE,dogecoin,387,2013-12-15T00:00:00.000Z,NA,1.31E+11,,7,2021-08-29T04:27:12.000Z
5426,Solana,SOL,solana,124,2020-04-10T00:00:00.000Z,NA,290944975.7,,8,2021-08-29T04:28:12.000Z
3408,USD Coin,USDC,usd-coin,1627,2018-10-08T00:00:00.000Z,NA,27144377766,,9,2021-08-29T04:27:15.000Z
6636,Polkadot,DOT,polkadot-new,234,2020-08-19T00:00:00.000Z,NA,987579315,,10,2021-08-29T04:27:37.000Z
7083,Uniswap,UNI,uniswap,295,2020-09-17T00:00:00.000Z,1.00E+09,611621089,,11,2021-08-29T04:27:43.000Z
4172,Terra,LUNA,terra-luna,79,2019-07-26T00:00:00.000Z,NA,403075459.3,,12,2021-08-29T04:27:12.000Z
1831,Bitcoin Cash,BCH,bitcoin-cash,561,2017-07-23T00:00:00.000Z,2.10E+07,18830800,,13,2021-08-29T04:27:26.000Z
4687,Binance USD,BUSD,binance-usd,868,2019-09-20T00:00:00.000Z,NA,12175987734,,14,2021-08-29T04:27:40.000Z
2,Litecoin,LTC,litecoin,714,2013-04-28T00:00:00.000Z,8.40E+07,66752614.52,,15,2021-08-29T04:28:05.000Z
1975,Chainlink,LINK,chainlink,532,2017-09-20T00:00:00.000Z,1.00E+09,448009553.9,,16,2021-08-29T04:27:48.000Z
8916,Internet Computer,ICP,internet-computer,71,2021-03-23T00:00:00.000Z,469213710,157140097.4,,17,2021-08-29T04:27:43.000Z
3717,Wrapped Bitcoin,WBTC,wrapped-bitcoin,231,2019-01-30T00:00:00.000Z,NA,197773.6244,,18,2021-08-29T04:27:24.000Z
3890,Polygon,MATIC,polygon,247,2019-04-28T00:00:00.000Z,1.00E+10,6477576924,,19,2021-08-29T04:27:25.000Z
5805,Avalanche,AVAX,avalanche,77,2020-07-13T00:00:00.000Z,7.20E+08,174555511.1,,20,2021-08-29T04:27:55.000Z
1321,Ethereum Classic,ETC,ethereum-classic,279,2016-07-24T00:00:00.000Z,210700000,129477470.8,,21,2021-08-29T04:27:27.000Z
512,Stellar,XLM,stellar,365,2014-08-05T00:00:00.000Z,50001806812,23607320288,,22,2021-08-29T04:27:20.000Z
3077,VeChain,VET,vechain,146,2017-08-22T00:00:00.000Z,86712634466,64315576989,,23,2021-08-29T04:27:14.000Z
2280,Filecoin,FIL,filecoin,146,2017-12-13T00:00:00.000Z,NA,100006932,,24,2021-08-29T04:27:45.000Z
2416,THETA,THETA,theta,79,2018-01-17T00:00:00.000Z,1.00E+09,1.00E+09,,25,2021-08-29T04:27:32.000Z
1958,TRON,TRX,tron,528,2017-09-13T00:00:00.000Z,NA,,1.01E+11,26,2021-08-29T04:28:01.000Z
4943,Dai,DAI,multi-collateral-dai,526,2019-11-22T00:00:00.000Z,NA,,6108597391,27,2021-08-29T04:27:46.000Z
7186,PancakeSwap,CAKE,pancakeswap,112,2020-09-25T00:00:00.000Z,NA,,215491225.9,28,2021-08-29T04:28:14.000Z
328,Monero,XMR,monero,161,2014-05-21T00:00:00.000Z,NA,,17982382.36,29,2021-08-29T04:27:36.000Z
1765,EOS,EOS,eos,434,2017-07-01T00:00:00.000Z,NA,,1032759934,30,2021-08-29T04:27:29.000Z
2011,Tezos,XTZ,tezos,168,2017-10-06T00:00:00.000Z,NA,,887194722,31,2021-08-29T04:27:45.000Z
7278,Aave,AAVE,aave,280,2020-10-02T00:00:00.000Z,1.60E+07,,1.60E+07,32,2021-08-29T04:27:12.000Z
4195,FTX Token,FTT,ftx-token,89,2019-07-31T00:00:00.000Z,352170015,,345219293.6,33,2021-08-29T04:27:31.000Z
3794,Cosmos,ATOM,cosmos,183,2019-03-14T00:00:00.000Z,NA,,278282277.5,34,2021-08-29T04:27:39.000Z
6783,Axie Infinity,AXS,axie-infinity,117,2020-08-31T00:00:00.000Z,2.70E+08,,2.70E+08,35,2021-08-29T04:27:42.000Z
6719,The Graph,GRT,the-graph,147,2020-12-17T00:00:00.000Z,10057044431,,1.00E+10,36,2021-08-29T04:27:30.000Z
4256,Klaytn,KLAY,klaytn,54,2020-03-30T00:00:00.000Z,NA,,10657479798,37,2021-08-29T04:27:20.000Z
3635,Crypto.com Coin,CRO,crypto-com-coin,112,2018-12-14T00:00:00.000Z,,,30263013692,38,2021-08-29T04:27:37.000Z
1376,Neo,NEO,neo,246,2016-09-08T00:00:00.000Z,,,1.00E+08,39,2021-08-29T04:27:37.000Z
4023,Bitcoin BEP2,BTCB,bitcoin-bep2,36,2019-06-18T00:00:00.000Z,,,85501,40,2021-08-29T04:27:32.000Z
4030,Algorand,ALGO,algorand,141,2019-06-20T00:00:00.000Z,,,5702627219,41,2021-08-29T04:27:46.000Z
1518,Maker,MKR,maker,224,2017-01-29T00:00:00.000Z,,,991328.382,42,2021-08-29T04:27:19.000Z
3602,Bitcoin SV,BSV,bitcoin-sv,180,2018-11-09T00:00:00.000Z,,,18827607.89,43,2021-08-29T04:27:40.000Z
3957,UNUS SED LEO,LEO,unus-sed-leo,17,2019-05-21T00:00:00.000Z,,,985239504,44,2021-08-29T04:27:48.000Z
5994,SHIBA INU,SHIB,shiba-inu,120,2020-08-01T00:00:00.000Z,,,1.00E+15,45,2021-08-29T04:27:43.000Z
3718,BitTorrent,BTT,bittorrent,144,2019-01-31T00:00:00.000Z,,,9.90E+11,46,2021-08-29T04:27:21.000Z
1720,IOTA,MIOTA,iota,60,2017-06-13T00:00:00.000Z,,,2779530283,47,2021-08-29T04:27:43.000Z
6892,Elrond,EGLD,elrond-egld,46,2020-09-04T00:00:00.000Z,,,22314124,48,2021-08-29T04:27:38.000Z
1274,Waves,WAVES,waves,152,2016-06-02T00:00:00.000Z,,,106024258,49,2021-08-29T04:27:30.000Z
6535,NEAR Protocol,NEAR,near-protocol,53,2020-08-11T00:00:00.000Z,,,1.00E+09,50,2021-08-29T04:27:21.000Z
6945,Amp,AMP,amp,40,2020-09-08T00:00:00.000Z,,,99213408535,51,2021-08-29T04:27:41.000Z
5034,Kusama,KSM,kusama,104,2019-12-12T00:00:00.000Z,,,9651217.451,52,2021-08-29T04:27:30.000Z
131,Dash,DASH,dash,326,2014-02-14T00:00:00.000Z,,,10306482.86,53,2021-08-29T04:27:31.000Z
4642,Hedera Hashgraph,HBAR,hedera-hashgraph,55,2019-09-17T00:00:00.000Z,,,5.00E+10,54,2021-08-29T04:27:41.000Z
7129,TerraUSD,UST,terrausd,127,2020-09-21T00:00:00.000Z,,,2354431264,55,2021-08-29T04:27:40.000Z
2502,Huobi Token,HT,huobi-token,118,2018-02-03T00:00:00.000Z,,166099511.3,5.00E+08,56,2021-08-29T04:27:25.000Z
3155,Quant,QNT,quant,52,2018-08-10T00:00:00.000Z,,12072738,14612493.08,57,2021-08-29T04:27:31.000Z
1168,Decred,DCR,decred,56,2016-02-10T00:00:00.000Z,,13259853.32,13259853.32,58,2021-08-29T04:27:31.000Z
5692,Compound,COMP,compound,233,2020-06-16T00:00:00.000Z,,5491492.686,1.00E+07,59,2021-08-29T04:27:19.000Z
4157,THORChain,RUNE,thorchain,51,2019-07-23T00:00:00.000Z,,223556160.1,461668422.2,60,2021-08-29T04:27:29.000Z
5665,Helium,HNT,helium,23,2020-06-05T00:00:00.000Z,,96555489.71,2.23E+08,61,2021-08-29T04:27:37.000Z
4066,Chiliz,CHZ,chiliz,176,2019-07-01T00:00:00.000Z,,5894516282,8888888888,62,2021-08-29T04:27:52.000Z
2682,Holo,HOT,holo,86,2018-04-29T00:00:00.000Z,,1.73E+11,1.78E+11,63,2021-08-29T04:27:23.000Z
1437,Zcash,ZEC,zcash,236,2016-10-29T00:00:00.000Z,,12530956.25,12530956.25,64,2021-08-29T04:27:37.000Z
2634,XinFin Network,XDC,xinfin-network,33,2018-04-12T00:00:00.000Z,,12291048333,37691048333,65,2021-08-29T04:27:30.000Z
873,NEM,XEM,nem,112,2015-04-01T00:00:00.000Z,,8999999999,8999999999,66,2021-08-29T04:27:42.000Z
3822,Theta Fuel,TFUEL,theta-fuel,19,2019-03-28T00:00:00.000Z,,5301214400,5301214400,67,2021-08-29T04:27:26.000Z
4847,Stacks,STX,stacks,35,2019-10-28T00:00:00.000Z,,1216899818,1352464600,68,2021-08-29T04:27:56.000Z
2130,Enjin Coin,ENJ,enjin-coin,187,2017-11-01T00:00:00.000Z,,834331121.4,1.00E+09,69,2021-08-29T04:27:26.000Z
1966,Decentraland,MANA,decentraland,179,2017-09-17T00:00:00.000Z,,1795381243,2194099227,70,2021-08-29T04:27:44.000Z
2083,Bitcoin Gold,BTG,bitcoin-gold,67,2017-10-23T00:00:00.000Z,,17513923.59,17513923.59,71,2021-08-29T04:28:06.000Z
5632,Arweave,AR,arweave,27,2020-05-27T00:00:00.000Z,,33394701,63190435,72,2021-08-29T04:27:23.000Z
6758,SushiSwap,SUSHI,sushiswap,263,2020-08-28T00:00:00.000Z,,127244443,232378231,73,2021-08-29T04:27:40.000Z
2563,TrueUSD,TUSD,trueusd,208,2018-03-06T00:00:00.000Z,,1403765260,1403765260,74,2021-08-29T04:27:19.000Z
2700,Celsius,CEL,celsius,48,2018-05-18T00:00:00.000Z,,238863519.8,695658160,75,2021-08-29T04:27:38.000Z
5864,yearn.finance,YFI,yearn-finance,233,2020-07-18T00:00:00.000Z,,,36666,76,2021-08-29T04:27:24.000Z
2586,Synthetix,SNX,synthetix-network-token,204,2018-03-14T00:00:00.000Z,,,215258834.2,77,2021-08-29T04:27:35.000Z
2135,Revain,REV,revain,16,2017-11-01T00:00:00.000Z,,,85061485690,78,2021-08-29T04:27:22.000Z
1684,Qtum,QTUM,qtum,193,2017-05-24T00:00:00.000Z,,,103686456,79,2021-08-29T04:27:24.000Z
3513,Fantom,FTM,fantom,92,2018-10-29T00:00:00.000Z,,,2545006273,80,2021-08-29T04:27:25.000Z
2469,Zilliqa,ZIL,zilliqa,114,2018-01-25T00:00:00.000Z,,,14957814427,81,2021-08-29T04:27:18.000Z
4558,Flow,FLOW,flow,41,2021-01-27T00:00:00.000Z,,,1365946679,82,2021-08-29T04:27:33.000Z
2394,Telcoin,TEL,telcoin,38,2018-01-14T00:00:00.000Z,,,1.00E+11,83,2021-08-29T04:27:37.000Z
5567,Celo,CELO,celo,39,2020-05-22T00:00:00.000Z,,,1.00E+09,84,2021-08-29T04:27:33.000Z
2577,Ravencoin,RVN,ravencoin,81,2018-03-10T00:00:00.000Z,,,9531110000,85,2021-08-29T04:27:20.000Z
3897,OKB,OKB,okb,53,2019-04-30T00:00:00.000Z,,,3.00E+08,86,2021-08-29T04:27:46.000Z
1697,Basic Attention Token,BAT,basic-attention-token,263,2017-06-01T00:00:00.000Z,,,1.50E+09,87,2021-08-29T04:27:42.000Z
7455,Audius,AUDIO,audius,61,2020-10-20T00:00:00.000Z,,,1043525641,88,2021-08-29T04:28:17.000Z
2694,Nexo,NEXO,nexo,54,2018-05-01T00:00:00.000Z,,,1.00E+09,89,2021-08-29T04:27:38.000Z
2087,KuCoin Token,KCS,kucoin-token,34,2017-10-24T00:00:00.000Z,,,170118638,90,2021-08-29T04:28:11.000Z
6950,Perpetual Protocol,PERP,perpetual-protocol,49,2020-09-08T00:00:00.000Z,,,1.50E+08,91,2021-08-29T04:27:29.000Z
3945,Harmony,ONE,harmony,48,2019-06-01T00:00:00.000Z,,,13154009541,92,2021-08-29T04:27:51.000Z
1042,Siacoin,SC,siacoin,58,2015-08-26T00:00:00.000Z,,,48645232992,93,2021-08-29T04:27:09.000Z
1727,Bancor,BNT,bancor,241,2017-06-18T00:00:00.000Z,,,231318667.9,94,2021-08-29T04:27:55.000Z
3330,Pax Dollar,PAX,paxos-standard,156,2018-09-27T00:00:00.000Z,,,945642940.1,95,2021-08-29T04:27:30.000Z
1698,Horizen,ZEN,horizen,68,2017-06-01T00:00:00.000Z,,,11460518.75,96,2021-08-29T04:27:42.000Z
8335,Mdex,MDX,mdex,62,2021-01-27T00:00:00.000Z,,,1.00E+09,97,2021-08-29T04:27:26.000Z
2566,Ontology,ONT,ontology,137,2018-03-08T00:00:00.000Z,,,1.00E+09,98,2021-08-29T04:27:41.000Z
109,DigiByte,DGB,digibyte,100,2014-02-06T00:00:00.000Z,,,14620619697,99,2021-08-29T04:28:11.000Z
2499,SwissBorg,CHSB,swissborg,17,2018-02-02T00:00:00.000Z,,,1.00E+09,100,2021-08-29T04:27:32.000Z
1,Bitcoin,BTC,bitcoin,8668,2013-04-28T00:00:00.000Z,,,18829581,1,2021-09-29T16:03:02.000Z
1027,Ethereum,ETH,ethereum,5046,2015-08-07T00:00:00.000Z,,,117723289.9,2,2021-09-29T16:03:02.000Z
825,Tether,USDT,tether,18616,2015-02-25T00:00:00.000Z,,,71385677475,3,2021-09-29T16:02:09.000Z
2010,Cardano,ADA,cardano,309,2017-10-01T00:00:00.000Z,,,33117618880,4,2021-09-29T16:02:10.000Z
1839,Binance Coin,BNB,binance-coin,530,2017-07-25T00:00:00.000Z,,,168137036,5,2021-09-29T16:02:09.000Z
52,XRP,XRP,xrp,652,2013-08-04T00:00:00.000Z,,,99990236671,6,2021-09-29T16:03:03.000Z
5426,Solana,SOL,solana,153,2020-04-10T00:00:00.000Z,,297553865.8,505326735.3,7,2021-09-29T16:03:04.000Z
3408,USD Coin,USDC,usd-coin,1626,2018-10-08T00:00:00.000Z,,31317250172,31317250172,8,2021-09-29T16:03:05.000Z
6636,Polkadot,DOT,polkadot-new,250,2020-08-19T00:00:00.000Z,,987579315,1103303471,9,2021-09-29T16:03:06.000Z
74,Dogecoin,DOGE,dogecoin,397,2013-12-15T00:00:00.000Z,,1.31E+11,1.31E+11,10,2021-09-29T16:03:03.000Z
5805,Avalanche,AVAX,avalanche,86,2020-07-13T00:00:00.000Z,,220286577.2,391128418.9,11,2021-09-29T16:03:07.000Z
4172,Terra,LUNA,terra-luna,91,2019-07-26T00:00:00.000Z,,399703325.4,995801588.6,12,2021-09-29T16:03:03.000Z
7083,Uniswap,UNI,uniswap,300,2020-09-17T00:00:00.000Z,,611643723.8,1.00E+09,13,2021-09-29T16:02:10.000Z
4687,Binance USD,BUSD,binance-usd,1318,2019-09-20T00:00:00.000Z,,13623165439,13623165439,14,2021-09-29T16:03:07.000Z
1975,Chainlink,LINK,chainlink,521,2017-09-20T00:00:00.000Z,,455009553.9,1.00E+09,15,2021-09-29T16:02:10.000Z
2,Litecoin,LTC,litecoin,709,2013-04-28T00:00:00.000Z,,66752614.52,66752614.52,16,2021-09-29T16:03:02.000Z
4030,Algorand,ALGO,algorand,154,2019-06-20T00:00:00.000Z,,,6494951073,17,2021-09-29T16:02:09.000Z
1831,Bitcoin Cash,BCH,bitcoin-cash,551,2017-07-23T00:00:00.000Z,,,18858868.75,18,2021-09-29T16:02:09.000Z
3717,Wrapped Bitcoin,WBTC,wrapped-bitcoin,218,2019-01-30T00:00:00.000Z,,,206020.6494,19,2021-09-29T16:03:07.000Z
3794,Cosmos,ATOM,cosmos,193,2019-03-14T00:00:00.000Z,,,279914803,20,2021-09-29T16:02:08.000Z
8916,Internet Computer,ICP,internet-computer,76,2021-03-23T00:00:00.000Z,,,473400403.1,21,2021-09-29T16:03:07.000Z
3890,Polygon,MATIC,polygon,262,2019-04-28T00:00:00.000Z,,,1.00E+10,22,2021-09-29T16:02:08.000Z
4943,Dai,DAI,multi-collateral-dai,473,2019-11-22T00:00:00.000Z,,,6474952202,23,2021-09-29T16:02:09.000Z
512,Stellar,XLM,stellar,375,2014-08-05T00:00:00.000Z,,,50001802760,24,2021-09-29T16:03:06.000Z
2280,Filecoin,FIL,filecoin,154,2017-12-13T00:00:00.000Z,,,109712354,25,2021-09-29T16:03:04.000Z
1958,TRON,TRX,tron,535,2017-09-13T00:00:00.000Z,,,1.01E+11,26,2021-09-29T16:02:10.000Z
4195,FTX Token,FTT,ftx-token,98,2019-07-31T00:00:00.000Z,,,336416468.5,27,2021-09-29T16:03:03.000Z
1321,Ethereum Classic,ETC,ethereum-classic,275,2016-07-24T00:00:00.000Z,,,210700000,28,2021-09-29T16:03:04.000Z
3077,VeChain,VET,vechain,148,2017-08-22T00:00:00.000Z,,64315576989,86712634466,29,2021-09-29T16:03:02.000Z
2011,Tezos,XTZ,tezos,171,2017-10-06T00:00:00.000Z,,861348212.5,890634238.8,30,2021-09-29T16:02:10.000Z
2416,THETA,THETA,theta,81,2018-01-17T00:00:00.000Z,,1.00E+09,1.00E+09,31,2021-09-29T16:03:05.000Z
10791,eCash,XEC,ecash,36,2021-07-08T00:00:00.000Z,,1.89E+13,1.89E+13,32,2021-09-29T16:03:06.000Z
6783,Axie Infinity,AXS,axie-infinity,126,2020-08-31T00:00:00.000Z,,60907500,,33,2021-09-29T16:03:07.000Z
4023,Bitcoin BEP2,BTCB,bitcoin-bep2,48,2019-06-18T00:00:00.000Z,,105142.8052,,34,2021-09-29T16:02:10.000Z
7186,PancakeSwap,CAKE,pancakeswap,129,2020-09-25T00:00:00.000Z,,226438511.4,,35,2021-09-29T16:03:03.000Z
328,Monero,XMR,monero,158,2014-05-21T00:00:00.000Z,,18001985.69,,36,2021-09-29T16:03:05.000Z
6892,Elrond,EGLD,elrond-egld,55,2020-09-04T00:00:00.000Z,,19511529.83,,37,2021-09-29T16:02:08.000Z
3635,Crypto.com Coin,CRO,crypto-com-coin,109,2018-12-14T00:00:00.000Z,,25263013692,,38,2021-09-29T16:03:06.000Z
1765,EOS,EOS,eos,430,2017-07-01T00:00:00.000Z,,959398605.4,,39,2021-09-29T16:03:07.000Z
7278,Aave,AAVE,aave,266,2020-10-02T00:00:00.000Z,,13188563.29,,40,2021-09-29T16:03:03.000Z
3155,Quant,QNT,quant,57,2018-08-10T00:00:00.000Z,,12072738,,41,2021-09-29T16:03:03.000Z
4642,Hedera Hashgraph,HBAR,hedera-hashgraph,64,2019-09-17T00:00:00.000Z,,,,42,2021-09-29T16:03:06.000Z
6535,NEAR Protocol,NEAR,near-protocol,64,2020-08-11T00:00:00.000Z,,469833753,,43,2021-09-29T16:03:05.000Z
3513,Fantom,FTM,fantom,115,2018-10-29T00:00:00.000Z,,2545006273,,44,2021-09-29T16:03:05.000Z
6719,The Graph,GRT,the-graph,142,2020-12-17T00:00:00.000Z,,,,45,2021-09-29T16:03:07.000Z
1720,IOTA,MIOTA,iota,62,2017-06-13T00:00:00.000Z,,,,46,2021-09-29T16:03:07.000Z
5994,SHIBA INU,SHIB,shiba-inu,142,2020-08-01T00:00:00.000Z,,,,47,2021-09-29T16:02:09.000Z
5034,Kusama,KSM,kusama,109,2019-12-12T00:00:00.000Z,,,,48,2021-09-29T16:02:09.000Z
3957,UNUS SED LEO,LEO,unus-sed-leo,17,2019-05-21T00:00:00.000Z,,,,49,2021-09-29T16:02:09.000Z
1376,Neo,NEO,neo,248,2016-09-08T00:00:00.000Z,,,,50,2021-09-29T16:03:05.000Z
7129,TerraUSD,UST,terrausd,109,2020-09-21T00:00:00.000Z,,,,51,2021-09-29T16:02:10.000Z
4256,Klaytn,KLAY,klaytn,56,2020-03-30T00:00:00.000Z,,,,52,2021-09-29T16:03:03.000Z
1274,Waves,WAVES,waves,150,2016-06-02T00:00:00.000Z,,,,53,2021-09-29T16:03:04.000Z
3602,Bitcoin SV,BSV,bitcoin-sv,173,2018-11-09T00:00:00.000Z,,,,54,2021-09-29T16:03:06.000Z
1518,Maker,MKR,maker,224,2017-01-29T00:00:00.000Z,,,991328.382,55,2021-09-29T16:03:06.000Z
3718,BitTorrent,BTT,bittorrent,152,2019-01-31T00:00:00.000Z,,,9.90E+11,56,2021-09-29T16:03:07.000Z
6945,Amp,AMP,amp,42,2020-09-08T00:00:00.000Z,,42227702186,99213408535,57,2021-09-29T16:02:08.000Z
5692,Compound,COMP,compound,232,2020-06-16T00:00:00.000Z,,5506107.506,1.00E+07,58,2021-09-29T16:03:06.000Z
5567,Celo,CELO,celo,45,2020-05-22T00:00:00.000Z,,306819314,1.00E+09,59,2021-09-29T16:03:05.000Z
5665,Helium,HNT,helium,26,2020-06-05T00:00:00.000Z,,98746598.42,2.23E+08,60,2021-09-29T16:03:06.000Z
131,Dash,DASH,dash,320,2014-02-14T00:00:00.000Z,,10357244.47,10357244.47,61,2021-09-29T16:03:03.000Z
2634,XDC Network,XDC,xinfin,34,2018-04-12T00:00:00.000Z,,12298389290,37698389284,62,2021-09-29T16:03:06.000Z
3945,Harmony,ONE,harmony,54,2019-06-01T00:00:00.000Z,,10571008367,13189773367,63,2021-09-29T16:02:09.000Z
4157,THORChain,RUNE,thorchain,56,2019-07-23T00:00:00.000Z,,224410215.1,461668422.2,64,2021-09-29T16:03:03.000Z
4066,Chiliz,CHZ,chiliz,188,2019-07-01T00:00:00.000Z,,,8888888888,65,2021-09-29T16:02:10.000Z
1808,OMG Network,OMG,omg,249,2017-07-14T00:00:00.000Z,,,140245398.2,66,2021-09-29T16:02:08.000Z
4847,Stacks,STX,stacks,39,2019-10-28T00:00:00.000Z,,,1352464600,67,2021-09-29T16:02:08.000Z
5632,Arweave,AR,arweave,32,2020-05-27T00:00:00.000Z,,,63190435,68,2021-09-29T16:03:06.000Z
2563,TrueUSD,TUSD,trueusd,200,2018-03-06T00:00:00.000Z,,,1389484659,69,2021-09-29T16:03:06.000Z
3822,Theta Fuel,TFUEL,theta-fuel,20,2019-03-28T00:00:00.000Z,,,5301214400,70,2021-09-29T16:03:07.000Z
11156,dYdX,DYDX,dydx,116,2021-08-03T00:00:00.000Z,,,1.00E+09,71,2021-09-29T16:02:09.000Z
2682,Holo,HOT,holo,90,2018-04-29T00:00:00.000Z,,,1.78E+11,72,2021-09-29T16:03:07.000Z
1437,Zcash,ZEC,zcash,234,2016-10-29T00:00:00.000Z,,,12755787.5,73,2021-09-29T16:03:05.000Z
1168,Decred,DCR,decred,53,2016-02-10T00:00:00.000Z,,13356650.67,13356650.67,74,2021-09-29T16:03:03.000Z
2502,Huobi Token,HT,huobi-token,111,2018-02-03T00:00:00.000Z,,164081489.3,5.00E+08,75,2021-09-29T16:03:05.000Z
2135,Revain,REV,revain,15,2017-11-01T00:00:00.000Z,,85061485690,85061485690,76,2021-09-29T16:03:03.000Z
873,NEM,XEM,nem,115,2015-04-01T00:00:00.000Z,,8999999999,8999999999,77,2021-09-29T16:02:09.000Z
6758,SushiSwap,SUSHI,sushiswap,259,2020-08-28T00:00:00.000Z,,127244443,234493486.6,78,2021-09-29T16:03:06.000Z
2700,Celsius,CEL,celsius,46,2018-05-18T00:00:00.000Z,,238863519.8,695658160,79,2021-09-29T16:03:07.000Z
1966,Decentraland,MANA,decentraland,182,2017-09-17T00:00:00.000Z,,1795338443,2194056427,80,2021-09-29T16:02:09.000Z
2586,Synthetix,SNX,synthetix-network-token,203,2018-03-14T00:00:00.000Z,,114841533,215258834.2,81,2021-09-29T16:03:06.000Z
5864,yearn.finance,YFI,yearn-finance,228,2020-07-18T00:00:00.000Z,,36635.43983,36666,82,2021-09-29T16:02:08.000Z
2130,Enjin Coin,ENJ,enjin-coin,197,2017-11-01T00:00:00.000Z,,834340659.6,1.00E+09,83,2021-09-29T16:03:03.000Z
8646,Mina,MINA,mina,42,2021-03-02T00:00:00.000Z,,250224592.8,824104972,84,2021-09-29T16:03:06.000Z
4558,Flow,FLOW,flow,46,2021-01-27T00:00:00.000Z,,64444582,1378211739,85,2021-09-29T16:03:05.000Z
6950,Perpetual Protocol,PERP,perpetual-protocol,58,2020-09-08T00:00:00.000Z,,68700000,1.50E+08,86,2021-09-29T16:02:08.000Z
2099,ICON,ICX,icon,70,2017-10-27T00:00:00.000Z,,670737482,800460000,87,2021-09-29T16:03:03.000Z
6538,Curve DAO Token,CRV,curve-dao-token,190,2020-08-14T00:00:00.000Z,,,1580975538,88,2021-09-29T16:03:05.000Z
2405,IOST,IOST,iostoken,85,2018-01-16T00:00:00.000Z,,,18099719631,89,2021-09-29T16:03:05.000Z
3897,OKB,OKB,okb,56,2019-04-30T00:00:00.000Z,,,3.00E+08,90,2021-09-29T16:02:09.000Z
2539,Ren,REN,ren,148,2018-02-21T00:00:00.000Z,,,999999632.8,91,2021-09-29T16:03:06.000Z
2469,Zilliqa,ZIL,zilliqa,119,2018-01-25T00:00:00.000Z,,,15089651817,92,2021-09-29T16:03:05.000Z
6187,Serum,SRM,serum,104,2020-08-04T00:00:00.000Z,,,1092844982,93,2021-09-29T16:03:03.000Z
3330,Pax Dollar,USDP,paxos-standard,29,2018-09-27T00:00:00.000Z,NA,,945642940.1,94,2021-09-29T16:03:04.000Z
2577,Ravencoin,RVN,ravencoin,88,2018-03-10T00:00:00.000Z,,,9755945000,95,2021-09-29T16:03:06.000Z
3814,Celer Network,CELR,celer-network,59,2019-03-25T00:00:00.000Z,,,1.00E+10,96,2021-09-29T16:02:08.000Z
1684,Qtum,QTUM,qtum,190,2017-05-24T00:00:00.000Z,,,103771271,97,2021-09-29T16:03:07.000Z
1697,Basic Attention Token,BAT,basic-attention-token,257,2017-06-01T00:00:00.000Z,,,1.50E+09,98,2021-09-29T16:03:07.000Z
2083,Bitcoin Gold,BTG,bitcoin-gold,65,2017-10-23T00:00:00.000Z,,,17513923.59,99,2021-09-29T16:03:03.000Z
2394,Telcoin,TEL,telcoin,32,2018-01-14T00:00:00.000Z,,,1.00E+11,100,2021-09-29T16:03:05.000Z
